[
{
  "model": "government.government",
  "pk": 161,
  "fields": {
    "name": "Kabinet-Rutte II",
    "date_formed": "2012-11-05",
    "date_dissolved": null,
    "wikidata_id": "Q1638648",
    "slug": "kabinet-rutte-ii"
  }
},
{
  "model": "government.government",
  "pk": 162,
  "fields": {
    "name": "Kabinet-Rutte I",
    "date_formed": "2010-10-14",
    "date_dissolved": "2012-11-05",
    "wikidata_id": "Q168828",
    "slug": "kabinet-rutte-i"
  }
},
{
  "model": "government.government",
  "pk": 163,
  "fields": {
    "name": "Kabinet-Balkenende IV",
    "date_formed": "2007-02-22",
    "date_dissolved": "2010-10-14",
    "wikidata_id": "Q1719725",
    "slug": "kabinet-balkenende-iv"
  }
},
{
  "model": "government.ministry",
  "pk": 1775,
  "fields": {
    "name": "binnenlandse zaken en koninkrijksrelaties",
    "government": 161
  }
},
{
  "model": "government.ministry",
  "pk": 1776,
  "fields": {
    "name": "buitenlandse zaken",
    "government": 161
  }
},
{
  "model": "government.ministry",
  "pk": 1777,
  "fields": {
    "name": "defensie",
    "government": 161
  }
},
{
  "model": "government.ministry",
  "pk": 1778,
  "fields": {
    "name": "economische zaken",
    "government": 161
  }
},
{
  "model": "government.ministry",
  "pk": 1779,
  "fields": {
    "name": "financi\u00ebn",
    "government": 161
  }
},
{
  "model": "government.ministry",
  "pk": 1780,
  "fields": {
    "name": "infrastructuur en milieu",
    "government": 161
  }
},
{
  "model": "government.ministry",
  "pk": 1781,
  "fields": {
    "name": "onderwijs, cultuur en wetenschap",
    "government": 161
  }
},
{
  "model": "government.ministry",
  "pk": 1782,
  "fields": {
    "name": "veiligheid en justitie",
    "government": 161
  }
},
{
  "model": "government.ministry",
  "pk": 1783,
  "fields": {
    "name": "volksgezondheid, welzijn en sport",
    "government": 161
  }
},
{
  "model": "government.ministry",
  "pk": 1784,
  "fields": {
    "name": "sociale zaken en werkgelegenheid",
    "government": 161
  }
},
{
  "model": "government.ministry",
  "pk": 1785,
  "fields": {
    "name": "algemene zaken",
    "government": 161
  }
},
{
  "model": "government.ministry",
  "pk": 1786,
  "fields": {
    "name": "binnenlandse zaken en koninkrijksrelaties",
    "government": 162
  }
},
{
  "model": "government.ministry",
  "pk": 1787,
  "fields": {
    "name": "buitenlandse zaken",
    "government": 162
  }
},
{
  "model": "government.ministry",
  "pk": 1788,
  "fields": {
    "name": "defensie",
    "government": 162
  }
},
{
  "model": "government.ministry",
  "pk": 1789,
  "fields": {
    "name": "economische zaken",
    "government": 162
  }
},
{
  "model": "government.ministry",
  "pk": 1790,
  "fields": {
    "name": "financi\u00ebn",
    "government": 162
  }
},
{
  "model": "government.ministry",
  "pk": 1791,
  "fields": {
    "name": "infrastructuur en milieu",
    "government": 162
  }
},
{
  "model": "government.ministry",
  "pk": 1792,
  "fields": {
    "name": "onderwijs, cultuur en wetenschap",
    "government": 162
  }
},
{
  "model": "government.ministry",
  "pk": 1793,
  "fields": {
    "name": "sociale zaken en werkgelegenheid",
    "government": 162
  }
},
{
  "model": "government.ministry",
  "pk": 1794,
  "fields": {
    "name": "veiligheid en justitie",
    "government": 162
  }
},
{
  "model": "government.ministry",
  "pk": 1795,
  "fields": {
    "name": "volksgezondheid, welzijn en sport",
    "government": 162
  }
},
{
  "model": "government.ministry",
  "pk": 1796,
  "fields": {
    "name": "algemene zaken",
    "government": 162
  }
},
{
  "model": "government.ministry",
  "pk": 1797,
  "fields": {
    "name": "algemene zaken",
    "government": 163
  }
},
{
  "model": "government.ministry",
  "pk": 1798,
  "fields": {
    "name": "buitenlandse zaken",
    "government": 163
  }
},
{
  "model": "government.ministry",
  "pk": 1799,
  "fields": {
    "name": "justitie",
    "government": 163
  }
},
{
  "model": "government.ministry",
  "pk": 1800,
  "fields": {
    "name": "binnenlandse zaken en koninkrijksrelaties",
    "government": 163
  }
},
{
  "model": "government.ministry",
  "pk": 1801,
  "fields": {
    "name": "onderwijs, cultuur en wetenschap",
    "government": 163
  }
},
{
  "model": "government.ministry",
  "pk": 1802,
  "fields": {
    "name": "financi\u00ebn",
    "government": 163
  }
},
{
  "model": "government.ministry",
  "pk": 1803,
  "fields": {
    "name": "defensie",
    "government": 163
  }
},
{
  "model": "government.ministry",
  "pk": 1804,
  "fields": {
    "name": "volkshuisvesting, ruimtelijke ordening en milieubeheer",
    "government": 163
  }
},
{
  "model": "government.ministry",
  "pk": 1805,
  "fields": {
    "name": "verkeer en waterstaat",
    "government": 163
  }
},
{
  "model": "government.ministry",
  "pk": 1806,
  "fields": {
    "name": "economische zaken",
    "government": 163
  }
},
{
  "model": "government.ministry",
  "pk": 1807,
  "fields": {
    "name": "landbouw, natuur en voedselkwaliteit",
    "government": 163
  }
},
{
  "model": "government.ministry",
  "pk": 1808,
  "fields": {
    "name": "sociale zaken en werkgelegenheid",
    "government": 163
  }
},
{
  "model": "government.ministry",
  "pk": 1809,
  "fields": {
    "name": "volksgezondheid, welzijn en sport",
    "government": 163
  }
},
{
  "model": "government.governmentposition",
  "pk": 3581,
  "fields": {
    "position": "PMI",
    "ministry": null,
    "government": 161,
    "extra_info": ""
  }
},
{
  "model": "government.governmentposition",
  "pk": 3582,
  "fields": {
    "position": "MIN",
    "ministry": 1775,
    "government": 161,
    "extra_info": ""
  }
},
{
  "model": "government.governmentposition",
  "pk": 3583,
  "fields": {
    "position": "MIN",
    "ministry": 1776,
    "government": 161,
    "extra_info": ""
  }
},
{
  "model": "government.governmentposition",
  "pk": 3584,
  "fields": {
    "position": "MWP",
    "ministry": null,
    "government": 161,
    "extra_info": "buitenlandse handel en ontwikkelingssamenwerking"
  }
},
{
  "model": "government.governmentposition",
  "pk": 3585,
  "fields": {
    "position": "MIN",
    "ministry": 1777,
    "government": 161,
    "extra_info": ""
  }
},
{
  "model": "government.governmentposition",
  "pk": 3586,
  "fields": {
    "position": "MIN",
    "ministry": 1778,
    "government": 161,
    "extra_info": ""
  }
},
{
  "model": "government.governmentposition",
  "pk": 3587,
  "fields": {
    "position": "MIN",
    "ministry": 1779,
    "government": 161,
    "extra_info": ""
  }
},
{
  "model": "government.governmentposition",
  "pk": 3588,
  "fields": {
    "position": "MIN",
    "ministry": 1780,
    "government": 161,
    "extra_info": ""
  }
},
{
  "model": "government.governmentposition",
  "pk": 3589,
  "fields": {
    "position": "MIN",
    "ministry": 1781,
    "government": 161,
    "extra_info": ""
  }
},
{
  "model": "government.governmentposition",
  "pk": 3590,
  "fields": {
    "position": "DPM",
    "ministry": null,
    "government": 161,
    "extra_info": ""
  }
},
{
  "model": "government.governmentposition",
  "pk": 3591,
  "fields": {
    "position": "MIN",
    "ministry": 1782,
    "government": 161,
    "extra_info": ""
  }
},
{
  "model": "government.governmentposition",
  "pk": 3592,
  "fields": {
    "position": "MIN",
    "ministry": 1783,
    "government": 161,
    "extra_info": ""
  }
},
{
  "model": "government.governmentposition",
  "pk": 3593,
  "fields": {
    "position": "MWP",
    "ministry": null,
    "government": 161,
    "extra_info": "wonen en rijksdienst"
  }
},
{
  "model": "government.governmentposition",
  "pk": 3594,
  "fields": {
    "position": "SOS",
    "ministry": 1782,
    "government": 161,
    "extra_info": ""
  }
},
{
  "model": "government.governmentposition",
  "pk": 3595,
  "fields": {
    "position": "SOS",
    "ministry": 1781,
    "government": 161,
    "extra_info": ""
  }
},
{
  "model": "government.governmentposition",
  "pk": 3596,
  "fields": {
    "position": "SOS",
    "ministry": 1779,
    "government": 161,
    "extra_info": ""
  }
},
{
  "model": "government.governmentposition",
  "pk": 3597,
  "fields": {
    "position": "SOS",
    "ministry": 1780,
    "government": 161,
    "extra_info": ""
  }
},
{
  "model": "government.governmentposition",
  "pk": 3598,
  "fields": {
    "position": "SOS",
    "ministry": 1778,
    "government": 161,
    "extra_info": ""
  }
},
{
  "model": "government.governmentposition",
  "pk": 3599,
  "fields": {
    "position": "MIN",
    "ministry": 1784,
    "government": 161,
    "extra_info": ""
  }
},
{
  "model": "government.governmentposition",
  "pk": 3600,
  "fields": {
    "position": "SOS",
    "ministry": 1784,
    "government": 161,
    "extra_info": ""
  }
},
{
  "model": "government.governmentposition",
  "pk": 3601,
  "fields": {
    "position": "SOS",
    "ministry": 1783,
    "government": 161,
    "extra_info": ""
  }
},
{
  "model": "government.governmentposition",
  "pk": 3602,
  "fields": {
    "position": "MIN",
    "ministry": 1785,
    "government": 161,
    "extra_info": ""
  }
},
{
  "model": "government.governmentposition",
  "pk": 3603,
  "fields": {
    "position": "PMI",
    "ministry": null,
    "government": 162,
    "extra_info": ""
  }
},
{
  "model": "government.governmentposition",
  "pk": 3604,
  "fields": {
    "position": "MIN",
    "ministry": 1786,
    "government": 162,
    "extra_info": ""
  }
},
{
  "model": "government.governmentposition",
  "pk": 3605,
  "fields": {
    "position": "MIN",
    "ministry": 1787,
    "government": 162,
    "extra_info": ""
  }
},
{
  "model": "government.governmentposition",
  "pk": 3606,
  "fields": {
    "position": "MIN",
    "ministry": 1788,
    "government": 162,
    "extra_info": ""
  }
},
{
  "model": "government.governmentposition",
  "pk": 3607,
  "fields": {
    "position": "MIN",
    "ministry": 1789,
    "government": 162,
    "extra_info": ""
  }
},
{
  "model": "government.governmentposition",
  "pk": 3608,
  "fields": {
    "position": "MIN",
    "ministry": 1790,
    "government": 162,
    "extra_info": ""
  }
},
{
  "model": "government.governmentposition",
  "pk": 3609,
  "fields": {
    "position": "MWP",
    "ministry": null,
    "government": 162,
    "extra_info": "immigratie, integratie en asiel"
  }
},
{
  "model": "government.governmentposition",
  "pk": 3610,
  "fields": {
    "position": "MIN",
    "ministry": 1791,
    "government": 162,
    "extra_info": ""
  }
},
{
  "model": "government.governmentposition",
  "pk": 3611,
  "fields": {
    "position": "MIN",
    "ministry": 1792,
    "government": 162,
    "extra_info": ""
  }
},
{
  "model": "government.governmentposition",
  "pk": 3612,
  "fields": {
    "position": "MIN",
    "ministry": 1793,
    "government": 162,
    "extra_info": ""
  }
},
{
  "model": "government.governmentposition",
  "pk": 3613,
  "fields": {
    "position": "MIN",
    "ministry": 1794,
    "government": 162,
    "extra_info": ""
  }
},
{
  "model": "government.governmentposition",
  "pk": 3614,
  "fields": {
    "position": "MIN",
    "ministry": 1795,
    "government": 162,
    "extra_info": ""
  }
},
{
  "model": "government.governmentposition",
  "pk": 3615,
  "fields": {
    "position": "SOS",
    "ministry": 1787,
    "government": 162,
    "extra_info": ""
  }
},
{
  "model": "government.governmentposition",
  "pk": 3616,
  "fields": {
    "position": "SOS",
    "ministry": 1789,
    "government": 162,
    "extra_info": ""
  }
},
{
  "model": "government.governmentposition",
  "pk": 3617,
  "fields": {
    "position": "SOS",
    "ministry": 1790,
    "government": 162,
    "extra_info": ""
  }
},
{
  "model": "government.governmentposition",
  "pk": 3618,
  "fields": {
    "position": "SOS",
    "ministry": 1791,
    "government": 162,
    "extra_info": ""
  }
},
{
  "model": "government.governmentposition",
  "pk": 3619,
  "fields": {
    "position": "SOS",
    "ministry": 1792,
    "government": 162,
    "extra_info": ""
  }
},
{
  "model": "government.governmentposition",
  "pk": 3620,
  "fields": {
    "position": "SOS",
    "ministry": 1793,
    "government": 162,
    "extra_info": ""
  }
},
{
  "model": "government.governmentposition",
  "pk": 3621,
  "fields": {
    "position": "SOS",
    "ministry": 1794,
    "government": 162,
    "extra_info": ""
  }
},
{
  "model": "government.governmentposition",
  "pk": 3622,
  "fields": {
    "position": "SOS",
    "ministry": 1795,
    "government": 162,
    "extra_info": ""
  }
},
{
  "model": "government.governmentposition",
  "pk": 3623,
  "fields": {
    "position": "DPM",
    "ministry": null,
    "government": 162,
    "extra_info": ""
  }
},
{
  "model": "government.governmentposition",
  "pk": 3624,
  "fields": {
    "position": "MIN",
    "ministry": 1796,
    "government": 162,
    "extra_info": ""
  }
},
{
  "model": "government.governmentposition",
  "pk": 3625,
  "fields": {
    "position": "PMI",
    "ministry": null,
    "government": 163,
    "extra_info": ""
  }
},
{
  "model": "government.governmentposition",
  "pk": 3626,
  "fields": {
    "position": "DPM",
    "ministry": null,
    "government": 163,
    "extra_info": ""
  }
},
{
  "model": "government.governmentposition",
  "pk": 3627,
  "fields": {
    "position": "MIN",
    "ministry": 1797,
    "government": 163,
    "extra_info": ""
  }
},
{
  "model": "government.governmentposition",
  "pk": 3628,
  "fields": {
    "position": "MIN",
    "ministry": 1798,
    "government": 163,
    "extra_info": ""
  }
},
{
  "model": "government.governmentposition",
  "pk": 3629,
  "fields": {
    "position": "SOS",
    "ministry": 1798,
    "government": 163,
    "extra_info": ""
  }
},
{
  "model": "government.governmentposition",
  "pk": 3630,
  "fields": {
    "position": "MWP",
    "ministry": null,
    "government": 163,
    "extra_info": "ontwikkelingssamenwerking"
  }
},
{
  "model": "government.governmentposition",
  "pk": 3631,
  "fields": {
    "position": "MIN",
    "ministry": 1799,
    "government": 163,
    "extra_info": ""
  }
},
{
  "model": "government.governmentposition",
  "pk": 3632,
  "fields": {
    "position": "SOS",
    "ministry": 1799,
    "government": 163,
    "extra_info": ""
  }
},
{
  "model": "government.governmentposition",
  "pk": 3633,
  "fields": {
    "position": "MIN",
    "ministry": 1800,
    "government": 163,
    "extra_info": ""
  }
},
{
  "model": "government.governmentposition",
  "pk": 3634,
  "fields": {
    "position": "SOS",
    "ministry": 1800,
    "government": 163,
    "extra_info": ""
  }
},
{
  "model": "government.governmentposition",
  "pk": 3635,
  "fields": {
    "position": "SOS",
    "ministry": 1801,
    "government": 163,
    "extra_info": ""
  }
},
{
  "model": "government.governmentposition",
  "pk": 3636,
  "fields": {
    "position": "MIN",
    "ministry": 1801,
    "government": 163,
    "extra_info": ""
  }
},
{
  "model": "government.governmentposition",
  "pk": 3637,
  "fields": {
    "position": "SOS",
    "ministry": 1802,
    "government": 163,
    "extra_info": ""
  }
},
{
  "model": "government.governmentposition",
  "pk": 3638,
  "fields": {
    "position": "MIN",
    "ministry": 1802,
    "government": 163,
    "extra_info": ""
  }
},
{
  "model": "government.governmentposition",
  "pk": 3639,
  "fields": {
    "position": "SOS",
    "ministry": 1803,
    "government": 163,
    "extra_info": ""
  }
},
{
  "model": "government.governmentposition",
  "pk": 3640,
  "fields": {
    "position": "MIN",
    "ministry": 1803,
    "government": 163,
    "extra_info": ""
  }
},
{
  "model": "government.governmentposition",
  "pk": 3641,
  "fields": {
    "position": "MIN",
    "ministry": 1804,
    "government": 163,
    "extra_info": ""
  }
},
{
  "model": "government.governmentposition",
  "pk": 3642,
  "fields": {
    "position": "MWP",
    "ministry": null,
    "government": 163,
    "extra_info": "wonen, wijken en integratie"
  }
},
{
  "model": "government.governmentposition",
  "pk": 3643,
  "fields": {
    "position": "SOS",
    "ministry": 1805,
    "government": 163,
    "extra_info": ""
  }
},
{
  "model": "government.governmentposition",
  "pk": 3644,
  "fields": {
    "position": "MIN",
    "ministry": 1805,
    "government": 163,
    "extra_info": ""
  }
},
{
  "model": "government.governmentposition",
  "pk": 3645,
  "fields": {
    "position": "SOS",
    "ministry": 1806,
    "government": 163,
    "extra_info": ""
  }
},
{
  "model": "government.governmentposition",
  "pk": 3646,
  "fields": {
    "position": "MIN",
    "ministry": 1806,
    "government": 163,
    "extra_info": ""
  }
},
{
  "model": "government.governmentposition",
  "pk": 3647,
  "fields": {
    "position": "MIN",
    "ministry": 1807,
    "government": 163,
    "extra_info": ""
  }
},
{
  "model": "government.governmentposition",
  "pk": 3648,
  "fields": {
    "position": "MIN",
    "ministry": 1808,
    "government": 163,
    "extra_info": ""
  }
},
{
  "model": "government.governmentposition",
  "pk": 3649,
  "fields": {
    "position": "SOS",
    "ministry": 1808,
    "government": 163,
    "extra_info": ""
  }
},
{
  "model": "government.governmentposition",
  "pk": 3650,
  "fields": {
    "position": "MIN",
    "ministry": 1809,
    "government": 163,
    "extra_info": ""
  }
},
{
  "model": "government.governmentposition",
  "pk": 3651,
  "fields": {
    "position": "SOS",
    "ministry": 1809,
    "government": 163,
    "extra_info": ""
  }
},
{
  "model": "government.governmentposition",
  "pk": 3652,
  "fields": {
    "position": "MWP",
    "ministry": null,
    "government": 163,
    "extra_info": "programma jeugd en gezin"
  }
},
{
  "model": "government.governmentmember",
  "pk": 4374,
  "fields": {
    "person": 1,
    "position": 3581,
    "start_date": "2012-11-05",
    "end_date": null
  }
},
{
  "model": "government.governmentmember",
  "pk": 4375,
  "fields": {
    "person": 2,
    "position": 3582,
    "start_date": "2012-11-05",
    "end_date": null
  }
},
{
  "model": "government.governmentmember",
  "pk": 4376,
  "fields": {
    "person": 3,
    "position": 3583,
    "start_date": "2012-11-05",
    "end_date": "2014-10-18"
  }
},
{
  "model": "government.governmentmember",
  "pk": 4377,
  "fields": {
    "person": 4,
    "position": 3583,
    "start_date": "2014-10-17",
    "end_date": null
  }
},
{
  "model": "government.governmentmember",
  "pk": 4378,
  "fields": {
    "person": 5,
    "position": 3584,
    "start_date": "2012-11-05",
    "end_date": null
  }
},
{
  "model": "government.governmentmember",
  "pk": 4379,
  "fields": {
    "person": 6,
    "position": 3585,
    "start_date": "2012-11-05",
    "end_date": null
  }
},
{
  "model": "government.governmentmember",
  "pk": 4380,
  "fields": {
    "person": 7,
    "position": 3586,
    "start_date": "2012-11-05",
    "end_date": null
  }
},
{
  "model": "government.governmentmember",
  "pk": 4381,
  "fields": {
    "person": 8,
    "position": 3587,
    "start_date": "2012-11-05",
    "end_date": null
  }
},
{
  "model": "government.governmentmember",
  "pk": 4382,
  "fields": {
    "person": 9,
    "position": 3588,
    "start_date": "2012-11-05",
    "end_date": null
  }
},
{
  "model": "government.governmentmember",
  "pk": 4383,
  "fields": {
    "person": 10,
    "position": 3589,
    "start_date": "2012-11-05",
    "end_date": null
  }
},
{
  "model": "government.governmentmember",
  "pk": 4384,
  "fields": {
    "person": 11,
    "position": 3590,
    "start_date": "2012-11-05",
    "end_date": null
  }
},
{
  "model": "government.governmentmember",
  "pk": 4385,
  "fields": {
    "person": 12,
    "position": 3591,
    "start_date": "2012-11-05",
    "end_date": "2015-03-09"
  }
},
{
  "model": "government.governmentmember",
  "pk": 4386,
  "fields": {
    "person": 13,
    "position": 3592,
    "start_date": "2012-11-05",
    "end_date": null
  }
},
{
  "model": "government.governmentmember",
  "pk": 4387,
  "fields": {
    "person": 14,
    "position": 3593,
    "start_date": "2012-11-05",
    "end_date": null
  }
},
{
  "model": "government.governmentmember",
  "pk": 4388,
  "fields": {
    "person": 15,
    "position": 3591,
    "start_date": "2015-03-20",
    "end_date": "2017-01-26"
  }
},
{
  "model": "government.governmentmember",
  "pk": 4389,
  "fields": {
    "person": 14,
    "position": 3591,
    "start_date": "2015-03-10",
    "end_date": "2015-03-20"
  }
},
{
  "model": "government.governmentmember",
  "pk": 4390,
  "fields": {
    "person": 16,
    "position": 3594,
    "start_date": "2012-11-05",
    "end_date": "2015-03-09"
  }
},
{
  "model": "government.governmentmember",
  "pk": 4391,
  "fields": {
    "person": 17,
    "position": 3594,
    "start_date": "2015-03-20",
    "end_date": null
  }
},
{
  "model": "government.governmentmember",
  "pk": 4392,
  "fields": {
    "person": 18,
    "position": 3595,
    "start_date": "2012-11-05",
    "end_date": null
  }
},
{
  "model": "government.governmentmember",
  "pk": 4393,
  "fields": {
    "person": 19,
    "position": 3596,
    "start_date": "2012-11-05",
    "end_date": "2014-01-30"
  }
},
{
  "model": "government.governmentmember",
  "pk": 4394,
  "fields": {
    "person": 20,
    "position": 3596,
    "start_date": "2014-02-04",
    "end_date": null
  }
},
{
  "model": "government.governmentmember",
  "pk": 4395,
  "fields": {
    "person": 21,
    "position": 3597,
    "start_date": "2015-11-05",
    "end_date": "2015-10-29"
  }
},
{
  "model": "government.governmentmember",
  "pk": 4396,
  "fields": {
    "person": 22,
    "position": 3597,
    "start_date": "2015-11-03",
    "end_date": null
  }
},
{
  "model": "government.governmentmember",
  "pk": 4397,
  "fields": {
    "person": 23,
    "position": 3598,
    "start_date": "2012-11-05",
    "end_date": "2012-12-06"
  }
},
{
  "model": "government.governmentmember",
  "pk": 4398,
  "fields": {
    "person": 22,
    "position": 3598,
    "start_date": "2012-12-18",
    "end_date": "2015-11-03"
  }
},
{
  "model": "government.governmentmember",
  "pk": 4399,
  "fields": {
    "person": 24,
    "position": 3598,
    "start_date": "2015-11-03",
    "end_date": null
  }
},
{
  "model": "government.governmentmember",
  "pk": 4400,
  "fields": {
    "person": 11,
    "position": 3599,
    "start_date": "2012-11-05",
    "end_date": null
  }
},
{
  "model": "government.governmentmember",
  "pk": 4401,
  "fields": {
    "person": 25,
    "position": 3600,
    "start_date": "2012-11-05",
    "end_date": null
  }
},
{
  "model": "government.governmentmember",
  "pk": 4402,
  "fields": {
    "person": 26,
    "position": 3601,
    "start_date": "2012-11-05",
    "end_date": null
  }
},
{
  "model": "government.governmentmember",
  "pk": 4403,
  "fields": {
    "person": 1,
    "position": 3602,
    "start_date": "2012-11-05",
    "end_date": null
  }
},
{
  "model": "government.governmentmember",
  "pk": 4404,
  "fields": {
    "person": 14,
    "position": 3591,
    "start_date": "2017-01-27",
    "end_date": null
  }
},
{
  "model": "government.governmentmember",
  "pk": 4405,
  "fields": {
    "person": 1,
    "position": 3603,
    "start_date": "2010-10-14",
    "end_date": "2012-11-05"
  }
},
{
  "model": "government.governmentmember",
  "pk": 4406,
  "fields": {
    "person": 27,
    "position": 3604,
    "start_date": "2010-10-14",
    "end_date": "2011-12-16"
  }
},
{
  "model": "government.governmentmember",
  "pk": 4407,
  "fields": {
    "person": 28,
    "position": 3604,
    "start_date": "2011-12-16",
    "end_date": "2012-11-05"
  }
},
{
  "model": "government.governmentmember",
  "pk": 4408,
  "fields": {
    "person": 29,
    "position": 3605,
    "start_date": "2010-10-14",
    "end_date": "2012-11-05"
  }
},
{
  "model": "government.governmentmember",
  "pk": 4409,
  "fields": {
    "person": 30,
    "position": 3606,
    "start_date": "2010-10-14",
    "end_date": "2012-11-05"
  }
},
{
  "model": "government.governmentmember",
  "pk": 4410,
  "fields": {
    "person": 31,
    "position": 3607,
    "start_date": "2010-10-14",
    "end_date": "2012-11-05"
  }
},
{
  "model": "government.governmentmember",
  "pk": 4411,
  "fields": {
    "person": 32,
    "position": 3608,
    "start_date": "2010-10-14",
    "end_date": "2012-11-05"
  }
},
{
  "model": "government.governmentmember",
  "pk": 4412,
  "fields": {
    "person": 33,
    "position": 3609,
    "start_date": "2010-10-14",
    "end_date": "2012-11-05"
  }
},
{
  "model": "government.governmentmember",
  "pk": 4413,
  "fields": {
    "person": 9,
    "position": 3610,
    "start_date": "2010-10-14",
    "end_date": "2012-11-05"
  }
},
{
  "model": "government.governmentmember",
  "pk": 4414,
  "fields": {
    "person": 34,
    "position": 3611,
    "start_date": "2010-10-14",
    "end_date": "2012-11-05"
  }
},
{
  "model": "government.governmentmember",
  "pk": 4415,
  "fields": {
    "person": 7,
    "position": 3612,
    "start_date": "2010-10-14",
    "end_date": "2012-11-05"
  }
},
{
  "model": "government.governmentmember",
  "pk": 4416,
  "fields": {
    "person": 12,
    "position": 3613,
    "start_date": "2010-10-14",
    "end_date": "2012-11-05"
  }
},
{
  "model": "government.governmentmember",
  "pk": 4417,
  "fields": {
    "person": 13,
    "position": 3614,
    "start_date": "2010-10-14",
    "end_date": "2012-11-05"
  }
},
{
  "model": "government.governmentmember",
  "pk": 4418,
  "fields": {
    "person": 35,
    "position": 3615,
    "start_date": "2010-10-14",
    "end_date": "2012-11-05"
  }
},
{
  "model": "government.governmentmember",
  "pk": 4419,
  "fields": {
    "person": 36,
    "position": 3616,
    "start_date": "2010-10-14",
    "end_date": "2012-11-05"
  }
},
{
  "model": "government.governmentmember",
  "pk": 4420,
  "fields": {
    "person": 19,
    "position": 3617,
    "start_date": "2010-10-14",
    "end_date": "2012-11-05"
  }
},
{
  "model": "government.governmentmember",
  "pk": 4421,
  "fields": {
    "person": 37,
    "position": 3618,
    "start_date": "2010-10-14",
    "end_date": "2012-11-05"
  }
},
{
  "model": "government.governmentmember",
  "pk": 4422,
  "fields": {
    "person": 38,
    "position": 3619,
    "start_date": "2010-10-14",
    "end_date": "2012-11-05"
  }
},
{
  "model": "government.governmentmember",
  "pk": 4423,
  "fields": {
    "person": 39,
    "position": 3620,
    "start_date": "2010-10-14",
    "end_date": "2012-11-05"
  }
},
{
  "model": "government.governmentmember",
  "pk": 4424,
  "fields": {
    "person": 16,
    "position": 3621,
    "start_date": "2010-10-14",
    "end_date": "2012-11-05"
  }
},
{
  "model": "government.governmentmember",
  "pk": 4425,
  "fields": {
    "person": 40,
    "position": 3622,
    "start_date": "2010-10-14",
    "end_date": "2012-11-05"
  }
},
{
  "model": "government.governmentmember",
  "pk": 4426,
  "fields": {
    "person": 31,
    "position": 3623,
    "start_date": "2010-10-14",
    "end_date": "2012-11-05"
  }
},
{
  "model": "government.governmentmember",
  "pk": 4427,
  "fields": {
    "person": 1,
    "position": 3624,
    "start_date": "2010-10-14",
    "end_date": "2012-11-05"
  }
},
{
  "model": "government.governmentmember",
  "pk": 4428,
  "fields": {
    "person": 390,
    "position": 3625,
    "start_date": "2007-02-22",
    "end_date": "2010-10-14"
  }
},
{
  "model": "government.governmentmember",
  "pk": 4429,
  "fields": {
    "person": 223,
    "position": 3626,
    "start_date": "2007-02-22",
    "end_date": "2010-10-14"
  }
},
{
  "model": "government.governmentmember",
  "pk": 4430,
  "fields": {
    "person": 81,
    "position": 3626,
    "start_date": "2007-02-22",
    "end_date": "2010-10-14"
  }
},
{
  "model": "government.governmentmember",
  "pk": 4431,
  "fields": {
    "person": 390,
    "position": 3627,
    "start_date": "2007-02-22",
    "end_date": "2010-10-14"
  }
},
{
  "model": "government.governmentmember",
  "pk": 4432,
  "fields": {
    "person": 31,
    "position": 3628,
    "start_date": "2007-02-22",
    "end_date": "2010-10-14"
  }
},
{
  "model": "government.governmentmember",
  "pk": 4433,
  "fields": {
    "person": 3,
    "position": 3629,
    "start_date": "2007-02-22",
    "end_date": "2010-02-23"
  }
},
{
  "model": "government.governmentmember",
  "pk": 4434,
  "fields": {
    "person": 4,
    "position": 3630,
    "start_date": "2007-02-22",
    "end_date": "2010-02-23"
  }
},
{
  "model": "government.governmentmember",
  "pk": 4435,
  "fields": {
    "person": 310,
    "position": 3631,
    "start_date": "2007-02-22",
    "end_date": "2010-10-14"
  }
},
{
  "model": "government.governmentmember",
  "pk": 4436,
  "fields": {
    "person": 265,
    "position": 3632,
    "start_date": "2007-02-22",
    "end_date": "2010-02-23"
  }
},
{
  "model": "government.governmentmember",
  "pk": 4437,
  "fields": {
    "person": 1039,
    "position": 3633,
    "start_date": "2007-02-22",
    "end_date": "2010-02-23"
  }
},
{
  "model": "government.governmentmember",
  "pk": 4438,
  "fields": {
    "person": 282,
    "position": 3634,
    "start_date": "2007-02-22",
    "end_date": "2010-10-14"
  }
},
{
  "model": "government.governmentmember",
  "pk": 4439,
  "fields": {
    "person": 22,
    "position": 3635,
    "start_date": "2007-02-22",
    "end_date": "2010-02-23"
  }
},
{
  "model": "government.governmentmember",
  "pk": 4440,
  "fields": {
    "person": 34,
    "position": 3635,
    "start_date": "2007-02-22",
    "end_date": "2010-10-14"
  }
},
{
  "model": "government.governmentmember",
  "pk": 4441,
  "fields": {
    "person": 2,
    "position": 3636,
    "start_date": "2007-02-22",
    "end_date": "2010-02-23"
  }
},
{
  "model": "government.governmentmember",
  "pk": 4442,
  "fields": {
    "person": 32,
    "position": 3637,
    "start_date": "2007-02-22",
    "end_date": "2010-02-23"
  }
},
{
  "model": "government.governmentmember",
  "pk": 4443,
  "fields": {
    "person": 81,
    "position": 3638,
    "start_date": "2007-02-22",
    "end_date": "2010-02-23"
  }
},
{
  "model": "government.governmentmember",
  "pk": 4444,
  "fields": {
    "person": 1040,
    "position": 3639,
    "start_date": "2007-12-18",
    "end_date": "2010-05-18"
  }
},
{
  "model": "government.governmentmember",
  "pk": 4445,
  "fields": {
    "person": 418,
    "position": 3639,
    "start_date": "2007-02-22",
    "end_date": "2007-12-18"
  }
},
{
  "model": "government.governmentmember",
  "pk": 4446,
  "fields": {
    "person": 1041,
    "position": 3640,
    "start_date": "2007-02-22",
    "end_date": "2010-10-14"
  }
},
{
  "model": "government.governmentmember",
  "pk": 4447,
  "fields": {
    "person": 1042,
    "position": 3641,
    "start_date": "2007-02-22",
    "end_date": "2010-02-23"
  }
},
{
  "model": "government.governmentmember",
  "pk": 4448,
  "fields": {
    "person": 1043,
    "position": 3642,
    "start_date": "2007-02-22",
    "end_date": "2008-11-14"
  }
},
{
  "model": "government.governmentmember",
  "pk": 4449,
  "fields": {
    "person": 1044,
    "position": 3642,
    "start_date": "2008-11-14",
    "end_date": "2010-02-23"
  }
},
{
  "model": "government.governmentmember",
  "pk": 4450,
  "fields": {
    "person": 109,
    "position": 3643,
    "start_date": "2007-02-22",
    "end_date": "2010-02-23"
  }
},
{
  "model": "government.governmentmember",
  "pk": 4451,
  "fields": {
    "person": 360,
    "position": 3644,
    "start_date": "2007-02-22",
    "end_date": "2010-10-14"
  }
},
{
  "model": "government.governmentmember",
  "pk": 4452,
  "fields": {
    "person": 1045,
    "position": 3645,
    "start_date": "2007-02-22",
    "end_date": "2010-02-23"
  }
},
{
  "model": "government.governmentmember",
  "pk": 4453,
  "fields": {
    "person": 49,
    "position": 3646,
    "start_date": "2007-02-22",
    "end_date": "2010-10-14"
  }
},
{
  "model": "government.governmentmember",
  "pk": 4454,
  "fields": {
    "person": 126,
    "position": 3647,
    "start_date": "2007-02-22",
    "end_date": "2010-10-14"
  }
},
{
  "model": "government.governmentmember",
  "pk": 4455,
  "fields": {
    "person": 27,
    "position": 3648,
    "start_date": "2007-02-22",
    "end_date": "2010-10-14"
  }
},
{
  "model": "government.governmentmember",
  "pk": 4456,
  "fields": {
    "person": 25,
    "position": 3649,
    "start_date": "2008-12-18",
    "end_date": "2010-02-23"
  }
},
{
  "model": "government.governmentmember",
  "pk": 4457,
  "fields": {
    "person": 1046,
    "position": 3649,
    "start_date": "2007-02-22",
    "end_date": "2008-12-12"
  }
},
{
  "model": "government.governmentmember",
  "pk": 4458,
  "fields": {
    "person": 348,
    "position": 3650,
    "start_date": "2007-02-22",
    "end_date": "2010-10-14"
  }
},
{
  "model": "government.governmentmember",
  "pk": 4459,
  "fields": {
    "person": 10,
    "position": 3651,
    "start_date": "2007-02-22",
    "end_date": "2010-02-23"
  }
},
{
  "model": "government.governmentmember",
  "pk": 4460,
  "fields": {
    "person": 223,
    "position": 3652,
    "start_date": "2007-02-22",
    "end_date": "2010-10-14"
  }
},
{
  "model": "government.governmentmember",
  "pk": 4461,
  "fields": {
    "person": 31,
    "position": 3630,
    "start_date": "2010-02-23",
    "end_date": "2010-10-14"
  }
},
{
  "model": "government.governmentmember",
  "pk": 4462,
  "fields": {
    "person": 310,
    "position": 3633,
    "start_date": "2010-02-23",
    "end_date": "2010-10-14"
  }
},
{
  "model": "government.governmentmember",
  "pk": 4463,
  "fields": {
    "person": 223,
    "position": 3636,
    "start_date": "2010-02-23",
    "end_date": "2010-10-14"
  }
},
{
  "model": "government.governmentmember",
  "pk": 4464,
  "fields": {
    "person": 32,
    "position": 3638,
    "start_date": "2010-02-23",
    "end_date": "2010-10-14"
  }
},
{
  "model": "government.governmentmember",
  "pk": 4465,
  "fields": {
    "person": 109,
    "position": 3641,
    "start_date": "2010-02-23",
    "end_date": "2010-10-14"
  }
},
{
  "model": "government.governmentmember",
  "pk": 4466,
  "fields": {
    "person": 1041,
    "position": 3642,
    "start_date": "2010-02-23",
    "end_date": "2010-10-14"
  }
}
]
