[
{
  "model": "government.government",
  "pk": 16,
  "fields": {
    "name": "Kabinet-Rutte III",
    "date_formed": "2017-10-26",
    "date_dissolved": null,
    "wikidata_id": "Q42293409",
    "slug": "kabinet-rutte-iii"
  }
},
{
  "model": "government.government",
  "pk": 17,
  "fields": {
    "name": "Kabinet-Rutte II",
    "date_formed": "2012-11-05",
    "date_dissolved": "2017-10-26",
    "wikidata_id": "Q1638648",
    "slug": "kabinet-rutte-ii"
  }
},
{
  "model": "government.government",
  "pk": 18,
  "fields": {
    "name": "Kabinet-Rutte I",
    "date_formed": "2010-10-14",
    "date_dissolved": "2012-11-05",
    "wikidata_id": "Q168828",
    "slug": "kabinet-rutte-i"
  }
},
{
  "model": "government.government",
  "pk": 19,
  "fields": {
    "name": "Kabinet-Balkenende IV",
    "date_formed": "2007-02-22",
    "date_dissolved": "2010-10-14",
    "wikidata_id": "Q1719725",
    "slug": "kabinet-balkenende-iv"
  }
},
{
  "model": "government.government",
  "pk": 20,
  "fields": {
    "name": "Kabinet-Balkenende III",
    "date_formed": "2006-07-07",
    "date_dissolved": "2007-02-22",
    "wikidata_id": "Q1473297",
    "slug": "kabinet-balkenende-iii"
  }
},
{
  "model": "government.ministry",
  "pk": 181,
  "fields": {
    "name": "algemene zaken",
    "government": 16
  }
},
{
  "model": "government.ministry",
  "pk": 182,
  "fields": {
    "name": "volksgezondheid, welzijn en sport",
    "government": 16
  }
},
{
  "model": "government.ministry",
  "pk": 183,
  "fields": {
    "name": "binnenlandse zaken en koninkrijksrelaties",
    "government": 16
  }
},
{
  "model": "government.ministry",
  "pk": 184,
  "fields": {
    "name": "landbouw, natuur en voedselkwaliteit",
    "government": 16
  }
},
{
  "model": "government.ministry",
  "pk": 185,
  "fields": {
    "name": "buitenlandse zaken",
    "government": 16
  }
},
{
  "model": "government.ministry",
  "pk": 186,
  "fields": {
    "name": "financi\u00ebn",
    "government": 16
  }
},
{
  "model": "government.ministry",
  "pk": 187,
  "fields": {
    "name": "veiligheid en justitie",
    "government": 16
  }
},
{
  "model": "government.ministry",
  "pk": 188,
  "fields": {
    "name": "economische zaken",
    "government": 16
  }
},
{
  "model": "government.ministry",
  "pk": 189,
  "fields": {
    "name": "defensie",
    "government": 16
  }
},
{
  "model": "government.ministry",
  "pk": 190,
  "fields": {
    "name": "onderwijs, cultuur en wetenschap",
    "government": 16
  }
},
{
  "model": "government.ministry",
  "pk": 191,
  "fields": {
    "name": "infrastructuur en milieu",
    "government": 16
  }
},
{
  "model": "government.ministry",
  "pk": 192,
  "fields": {
    "name": "sociale zaken en werkgelegenheid",
    "government": 16
  }
},
{
  "model": "government.ministry",
  "pk": 193,
  "fields": {
    "name": "binnenlandse zaken en koninkrijksrelaties",
    "government": 17
  }
},
{
  "model": "government.ministry",
  "pk": 194,
  "fields": {
    "name": "buitenlandse zaken",
    "government": 17
  }
},
{
  "model": "government.ministry",
  "pk": 195,
  "fields": {
    "name": "defensie",
    "government": 17
  }
},
{
  "model": "government.ministry",
  "pk": 196,
  "fields": {
    "name": "economische zaken",
    "government": 17
  }
},
{
  "model": "government.ministry",
  "pk": 197,
  "fields": {
    "name": "financi\u00ebn",
    "government": 17
  }
},
{
  "model": "government.ministry",
  "pk": 198,
  "fields": {
    "name": "infrastructuur en milieu",
    "government": 17
  }
},
{
  "model": "government.ministry",
  "pk": 199,
  "fields": {
    "name": "onderwijs, cultuur en wetenschap",
    "government": 17
  }
},
{
  "model": "government.ministry",
  "pk": 200,
  "fields": {
    "name": "veiligheid en justitie",
    "government": 17
  }
},
{
  "model": "government.ministry",
  "pk": 201,
  "fields": {
    "name": "volksgezondheid, welzijn en sport",
    "government": 17
  }
},
{
  "model": "government.ministry",
  "pk": 202,
  "fields": {
    "name": "sociale zaken en werkgelegenheid",
    "government": 17
  }
},
{
  "model": "government.ministry",
  "pk": 203,
  "fields": {
    "name": "algemene zaken",
    "government": 17
  }
},
{
  "model": "government.ministry",
  "pk": 204,
  "fields": {
    "name": "binnenlandse zaken en koninkrijksrelaties",
    "government": 18
  }
},
{
  "model": "government.ministry",
  "pk": 205,
  "fields": {
    "name": "buitenlandse zaken",
    "government": 18
  }
},
{
  "model": "government.ministry",
  "pk": 206,
  "fields": {
    "name": "defensie",
    "government": 18
  }
},
{
  "model": "government.ministry",
  "pk": 207,
  "fields": {
    "name": "economische zaken",
    "government": 18
  }
},
{
  "model": "government.ministry",
  "pk": 208,
  "fields": {
    "name": "financi\u00ebn",
    "government": 18
  }
},
{
  "model": "government.ministry",
  "pk": 209,
  "fields": {
    "name": "infrastructuur en milieu",
    "government": 18
  }
},
{
  "model": "government.ministry",
  "pk": 210,
  "fields": {
    "name": "onderwijs, cultuur en wetenschap",
    "government": 18
  }
},
{
  "model": "government.ministry",
  "pk": 211,
  "fields": {
    "name": "sociale zaken en werkgelegenheid",
    "government": 18
  }
},
{
  "model": "government.ministry",
  "pk": 212,
  "fields": {
    "name": "veiligheid en justitie",
    "government": 18
  }
},
{
  "model": "government.ministry",
  "pk": 213,
  "fields": {
    "name": "volksgezondheid, welzijn en sport",
    "government": 18
  }
},
{
  "model": "government.ministry",
  "pk": 214,
  "fields": {
    "name": "algemene zaken",
    "government": 18
  }
},
{
  "model": "government.ministry",
  "pk": 215,
  "fields": {
    "name": "algemene zaken",
    "government": 19
  }
},
{
  "model": "government.ministry",
  "pk": 216,
  "fields": {
    "name": "buitenlandse zaken",
    "government": 19
  }
},
{
  "model": "government.ministry",
  "pk": 217,
  "fields": {
    "name": "justitie",
    "government": 19
  }
},
{
  "model": "government.ministry",
  "pk": 218,
  "fields": {
    "name": "binnenlandse zaken en koninkrijksrelaties",
    "government": 19
  }
},
{
  "model": "government.ministry",
  "pk": 219,
  "fields": {
    "name": "onderwijs, cultuur en wetenschap",
    "government": 19
  }
},
{
  "model": "government.ministry",
  "pk": 220,
  "fields": {
    "name": "financi\u00ebn",
    "government": 19
  }
},
{
  "model": "government.ministry",
  "pk": 221,
  "fields": {
    "name": "defensie",
    "government": 19
  }
},
{
  "model": "government.ministry",
  "pk": 222,
  "fields": {
    "name": "volkshuisvesting, ruimtelijke ordening en milieubeheer",
    "government": 19
  }
},
{
  "model": "government.ministry",
  "pk": 223,
  "fields": {
    "name": "verkeer en waterstaat",
    "government": 19
  }
},
{
  "model": "government.ministry",
  "pk": 224,
  "fields": {
    "name": "economische zaken",
    "government": 19
  }
},
{
  "model": "government.ministry",
  "pk": 225,
  "fields": {
    "name": "landbouw, natuur en voedselkwaliteit",
    "government": 19
  }
},
{
  "model": "government.ministry",
  "pk": 226,
  "fields": {
    "name": "sociale zaken en werkgelegenheid",
    "government": 19
  }
},
{
  "model": "government.ministry",
  "pk": 227,
  "fields": {
    "name": "volksgezondheid, welzijn en sport",
    "government": 19
  }
},
{
  "model": "government.ministry",
  "pk": 228,
  "fields": {
    "name": "algemene zaken",
    "government": 20
  }
},
{
  "model": "government.ministry",
  "pk": 229,
  "fields": {
    "name": "economische zaken",
    "government": 20
  }
},
{
  "model": "government.ministry",
  "pk": 230,
  "fields": {
    "name": "binnenlandse zaken en koninkrijksrelaties",
    "government": 20
  }
},
{
  "model": "government.ministry",
  "pk": 231,
  "fields": {
    "name": "buitenlandse zaken",
    "government": 20
  }
},
{
  "model": "government.ministry",
  "pk": 232,
  "fields": {
    "name": "justitie",
    "government": 20
  }
},
{
  "model": "government.ministry",
  "pk": 233,
  "fields": {
    "name": "onderwijs, cultuur en wetenschap",
    "government": 20
  }
},
{
  "model": "government.ministry",
  "pk": 234,
  "fields": {
    "name": "volksgezondheid, welzijn en sport",
    "government": 20
  }
},
{
  "model": "government.ministry",
  "pk": 235,
  "fields": {
    "name": "defensie",
    "government": 20
  }
},
{
  "model": "government.ministry",
  "pk": 236,
  "fields": {
    "name": "volkshuisvesting, ruimtelijke ordening en milieubeheer",
    "government": 20
  }
},
{
  "model": "government.ministry",
  "pk": 237,
  "fields": {
    "name": "verkeer en waterstaat",
    "government": 20
  }
},
{
  "model": "government.ministry",
  "pk": 238,
  "fields": {
    "name": "landbouw, natuur en voedselkwaliteit",
    "government": 20
  }
},
{
  "model": "government.ministry",
  "pk": 239,
  "fields": {
    "name": "sociale zaken en werkgelegenheid",
    "government": 20
  }
},
{
  "model": "government.ministry",
  "pk": 240,
  "fields": {
    "name": "financi\u00ebn",
    "government": 20
  }
},
{
  "model": "government.governmentposition",
  "pk": 370,
  "fields": {
    "position": "PMI",
    "ministry": null,
    "government": 16,
    "extra_info": ""
  }
},
{
  "model": "government.governmentposition",
  "pk": 371,
  "fields": {
    "position": "DPM",
    "ministry": null,
    "government": 16,
    "extra_info": ""
  }
},
{
  "model": "government.governmentposition",
  "pk": 372,
  "fields": {
    "position": "MIN",
    "ministry": 181,
    "government": 16,
    "extra_info": ""
  }
},
{
  "model": "government.governmentposition",
  "pk": 373,
  "fields": {
    "position": "MIN",
    "ministry": 182,
    "government": 16,
    "extra_info": ""
  }
},
{
  "model": "government.governmentposition",
  "pk": 374,
  "fields": {
    "position": "MIN",
    "ministry": 183,
    "government": 16,
    "extra_info": ""
  }
},
{
  "model": "government.governmentposition",
  "pk": 375,
  "fields": {
    "position": "MIN",
    "ministry": 184,
    "government": 16,
    "extra_info": ""
  }
},
{
  "model": "government.governmentposition",
  "pk": 376,
  "fields": {
    "position": "MIN",
    "ministry": 185,
    "government": 16,
    "extra_info": ""
  }
},
{
  "model": "government.governmentposition",
  "pk": 377,
  "fields": {
    "position": "MIN",
    "ministry": 186,
    "government": 16,
    "extra_info": ""
  }
},
{
  "model": "government.governmentposition",
  "pk": 378,
  "fields": {
    "position": "MIN",
    "ministry": 187,
    "government": 16,
    "extra_info": ""
  }
},
{
  "model": "government.governmentposition",
  "pk": 379,
  "fields": {
    "position": "MIN",
    "ministry": 188,
    "government": 16,
    "extra_info": ""
  }
},
{
  "model": "government.governmentposition",
  "pk": 380,
  "fields": {
    "position": "MIN",
    "ministry": 189,
    "government": 16,
    "extra_info": ""
  }
},
{
  "model": "government.governmentposition",
  "pk": 381,
  "fields": {
    "position": "MIN",
    "ministry": 190,
    "government": 16,
    "extra_info": ""
  }
},
{
  "model": "government.governmentposition",
  "pk": 382,
  "fields": {
    "position": "MIN",
    "ministry": 191,
    "government": 16,
    "extra_info": ""
  }
},
{
  "model": "government.governmentposition",
  "pk": 383,
  "fields": {
    "position": "MIN",
    "ministry": 192,
    "government": 16,
    "extra_info": ""
  }
},
{
  "model": "government.governmentposition",
  "pk": 384,
  "fields": {
    "position": "MWP",
    "ministry": 185,
    "government": 16,
    "extra_info": "buitenlandse handel en ontwikkelinssamenwerking"
  }
},
{
  "model": "government.governmentposition",
  "pk": 385,
  "fields": {
    "position": "MWP",
    "ministry": 187,
    "government": 16,
    "extra_info": "rechtsbescherming"
  }
},
{
  "model": "government.governmentposition",
  "pk": 386,
  "fields": {
    "position": "MWP",
    "ministry": 182,
    "government": 16,
    "extra_info": "medische zorg"
  }
},
{
  "model": "government.governmentposition",
  "pk": 387,
  "fields": {
    "position": "MWP",
    "ministry": 190,
    "government": 16,
    "extra_info": ""
  }
},
{
  "model": "government.governmentposition",
  "pk": 388,
  "fields": {
    "position": "SOS",
    "ministry": 183,
    "government": 16,
    "extra_info": ""
  }
},
{
  "model": "government.governmentposition",
  "pk": 389,
  "fields": {
    "position": "SOS",
    "ministry": 186,
    "government": 16,
    "extra_info": ""
  }
},
{
  "model": "government.governmentposition",
  "pk": 390,
  "fields": {
    "position": "SOS",
    "ministry": 187,
    "government": 16,
    "extra_info": ""
  }
},
{
  "model": "government.governmentposition",
  "pk": 391,
  "fields": {
    "position": "SOS",
    "ministry": 188,
    "government": 16,
    "extra_info": ""
  }
},
{
  "model": "government.governmentposition",
  "pk": 392,
  "fields": {
    "position": "SOS",
    "ministry": 189,
    "government": 16,
    "extra_info": ""
  }
},
{
  "model": "government.governmentposition",
  "pk": 393,
  "fields": {
    "position": "SOS",
    "ministry": 182,
    "government": 16,
    "extra_info": ""
  }
},
{
  "model": "government.governmentposition",
  "pk": 394,
  "fields": {
    "position": "SOS",
    "ministry": 191,
    "government": 16,
    "extra_info": ""
  }
},
{
  "model": "government.governmentposition",
  "pk": 395,
  "fields": {
    "position": "SOS",
    "ministry": 192,
    "government": 16,
    "extra_info": ""
  }
},
{
  "model": "government.governmentposition",
  "pk": 396,
  "fields": {
    "position": "PMI",
    "ministry": null,
    "government": 17,
    "extra_info": ""
  }
},
{
  "model": "government.governmentposition",
  "pk": 397,
  "fields": {
    "position": "MIN",
    "ministry": 193,
    "government": 17,
    "extra_info": ""
  }
},
{
  "model": "government.governmentposition",
  "pk": 398,
  "fields": {
    "position": "MIN",
    "ministry": 194,
    "government": 17,
    "extra_info": ""
  }
},
{
  "model": "government.governmentposition",
  "pk": 399,
  "fields": {
    "position": "MWP",
    "ministry": null,
    "government": 17,
    "extra_info": "buitenlandse handel en ontwikkelingssamenwerking"
  }
},
{
  "model": "government.governmentposition",
  "pk": 400,
  "fields": {
    "position": "MIN",
    "ministry": 195,
    "government": 17,
    "extra_info": ""
  }
},
{
  "model": "government.governmentposition",
  "pk": 401,
  "fields": {
    "position": "MIN",
    "ministry": 196,
    "government": 17,
    "extra_info": ""
  }
},
{
  "model": "government.governmentposition",
  "pk": 402,
  "fields": {
    "position": "MIN",
    "ministry": 197,
    "government": 17,
    "extra_info": ""
  }
},
{
  "model": "government.governmentposition",
  "pk": 403,
  "fields": {
    "position": "MIN",
    "ministry": 198,
    "government": 17,
    "extra_info": ""
  }
},
{
  "model": "government.governmentposition",
  "pk": 404,
  "fields": {
    "position": "MIN",
    "ministry": 199,
    "government": 17,
    "extra_info": ""
  }
},
{
  "model": "government.governmentposition",
  "pk": 405,
  "fields": {
    "position": "DPM",
    "ministry": null,
    "government": 17,
    "extra_info": ""
  }
},
{
  "model": "government.governmentposition",
  "pk": 406,
  "fields": {
    "position": "MIN",
    "ministry": 200,
    "government": 17,
    "extra_info": ""
  }
},
{
  "model": "government.governmentposition",
  "pk": 407,
  "fields": {
    "position": "MIN",
    "ministry": 201,
    "government": 17,
    "extra_info": ""
  }
},
{
  "model": "government.governmentposition",
  "pk": 408,
  "fields": {
    "position": "MWP",
    "ministry": null,
    "government": 17,
    "extra_info": "wonen en rijksdienst"
  }
},
{
  "model": "government.governmentposition",
  "pk": 409,
  "fields": {
    "position": "SOS",
    "ministry": 200,
    "government": 17,
    "extra_info": ""
  }
},
{
  "model": "government.governmentposition",
  "pk": 410,
  "fields": {
    "position": "SOS",
    "ministry": 199,
    "government": 17,
    "extra_info": ""
  }
},
{
  "model": "government.governmentposition",
  "pk": 411,
  "fields": {
    "position": "SOS",
    "ministry": 197,
    "government": 17,
    "extra_info": ""
  }
},
{
  "model": "government.governmentposition",
  "pk": 412,
  "fields": {
    "position": "SOS",
    "ministry": 198,
    "government": 17,
    "extra_info": ""
  }
},
{
  "model": "government.governmentposition",
  "pk": 413,
  "fields": {
    "position": "SOS",
    "ministry": 196,
    "government": 17,
    "extra_info": ""
  }
},
{
  "model": "government.governmentposition",
  "pk": 414,
  "fields": {
    "position": "MIN",
    "ministry": 202,
    "government": 17,
    "extra_info": ""
  }
},
{
  "model": "government.governmentposition",
  "pk": 415,
  "fields": {
    "position": "SOS",
    "ministry": 202,
    "government": 17,
    "extra_info": ""
  }
},
{
  "model": "government.governmentposition",
  "pk": 416,
  "fields": {
    "position": "SOS",
    "ministry": 201,
    "government": 17,
    "extra_info": ""
  }
},
{
  "model": "government.governmentposition",
  "pk": 417,
  "fields": {
    "position": "MIN",
    "ministry": 203,
    "government": 17,
    "extra_info": ""
  }
},
{
  "model": "government.governmentposition",
  "pk": 418,
  "fields": {
    "position": "PMI",
    "ministry": null,
    "government": 18,
    "extra_info": ""
  }
},
{
  "model": "government.governmentposition",
  "pk": 419,
  "fields": {
    "position": "MIN",
    "ministry": 204,
    "government": 18,
    "extra_info": ""
  }
},
{
  "model": "government.governmentposition",
  "pk": 420,
  "fields": {
    "position": "MIN",
    "ministry": 205,
    "government": 18,
    "extra_info": ""
  }
},
{
  "model": "government.governmentposition",
  "pk": 421,
  "fields": {
    "position": "MIN",
    "ministry": 206,
    "government": 18,
    "extra_info": ""
  }
},
{
  "model": "government.governmentposition",
  "pk": 422,
  "fields": {
    "position": "MIN",
    "ministry": 207,
    "government": 18,
    "extra_info": ""
  }
},
{
  "model": "government.governmentposition",
  "pk": 423,
  "fields": {
    "position": "MIN",
    "ministry": 208,
    "government": 18,
    "extra_info": ""
  }
},
{
  "model": "government.governmentposition",
  "pk": 424,
  "fields": {
    "position": "MWP",
    "ministry": null,
    "government": 18,
    "extra_info": "immigratie, integratie en asiel"
  }
},
{
  "model": "government.governmentposition",
  "pk": 425,
  "fields": {
    "position": "MIN",
    "ministry": 209,
    "government": 18,
    "extra_info": ""
  }
},
{
  "model": "government.governmentposition",
  "pk": 426,
  "fields": {
    "position": "MIN",
    "ministry": 210,
    "government": 18,
    "extra_info": ""
  }
},
{
  "model": "government.governmentposition",
  "pk": 427,
  "fields": {
    "position": "MIN",
    "ministry": 211,
    "government": 18,
    "extra_info": ""
  }
},
{
  "model": "government.governmentposition",
  "pk": 428,
  "fields": {
    "position": "MIN",
    "ministry": 212,
    "government": 18,
    "extra_info": ""
  }
},
{
  "model": "government.governmentposition",
  "pk": 429,
  "fields": {
    "position": "MIN",
    "ministry": 213,
    "government": 18,
    "extra_info": ""
  }
},
{
  "model": "government.governmentposition",
  "pk": 430,
  "fields": {
    "position": "SOS",
    "ministry": 205,
    "government": 18,
    "extra_info": ""
  }
},
{
  "model": "government.governmentposition",
  "pk": 431,
  "fields": {
    "position": "SOS",
    "ministry": 207,
    "government": 18,
    "extra_info": ""
  }
},
{
  "model": "government.governmentposition",
  "pk": 432,
  "fields": {
    "position": "SOS",
    "ministry": 208,
    "government": 18,
    "extra_info": ""
  }
},
{
  "model": "government.governmentposition",
  "pk": 433,
  "fields": {
    "position": "SOS",
    "ministry": 209,
    "government": 18,
    "extra_info": ""
  }
},
{
  "model": "government.governmentposition",
  "pk": 434,
  "fields": {
    "position": "SOS",
    "ministry": 210,
    "government": 18,
    "extra_info": ""
  }
},
{
  "model": "government.governmentposition",
  "pk": 435,
  "fields": {
    "position": "SOS",
    "ministry": 211,
    "government": 18,
    "extra_info": ""
  }
},
{
  "model": "government.governmentposition",
  "pk": 436,
  "fields": {
    "position": "SOS",
    "ministry": 212,
    "government": 18,
    "extra_info": ""
  }
},
{
  "model": "government.governmentposition",
  "pk": 437,
  "fields": {
    "position": "SOS",
    "ministry": 213,
    "government": 18,
    "extra_info": ""
  }
},
{
  "model": "government.governmentposition",
  "pk": 438,
  "fields": {
    "position": "DPM",
    "ministry": null,
    "government": 18,
    "extra_info": ""
  }
},
{
  "model": "government.governmentposition",
  "pk": 439,
  "fields": {
    "position": "MIN",
    "ministry": 214,
    "government": 18,
    "extra_info": ""
  }
},
{
  "model": "government.governmentposition",
  "pk": 440,
  "fields": {
    "position": "PMI",
    "ministry": null,
    "government": 19,
    "extra_info": ""
  }
},
{
  "model": "government.governmentposition",
  "pk": 441,
  "fields": {
    "position": "DPM",
    "ministry": null,
    "government": 19,
    "extra_info": ""
  }
},
{
  "model": "government.governmentposition",
  "pk": 442,
  "fields": {
    "position": "MIN",
    "ministry": 215,
    "government": 19,
    "extra_info": ""
  }
},
{
  "model": "government.governmentposition",
  "pk": 443,
  "fields": {
    "position": "MIN",
    "ministry": 216,
    "government": 19,
    "extra_info": ""
  }
},
{
  "model": "government.governmentposition",
  "pk": 444,
  "fields": {
    "position": "SOS",
    "ministry": 216,
    "government": 19,
    "extra_info": ""
  }
},
{
  "model": "government.governmentposition",
  "pk": 445,
  "fields": {
    "position": "MWP",
    "ministry": null,
    "government": 19,
    "extra_info": "ontwikkelingssamenwerking"
  }
},
{
  "model": "government.governmentposition",
  "pk": 446,
  "fields": {
    "position": "MIN",
    "ministry": 217,
    "government": 19,
    "extra_info": ""
  }
},
{
  "model": "government.governmentposition",
  "pk": 447,
  "fields": {
    "position": "SOS",
    "ministry": 217,
    "government": 19,
    "extra_info": ""
  }
},
{
  "model": "government.governmentposition",
  "pk": 448,
  "fields": {
    "position": "MIN",
    "ministry": 218,
    "government": 19,
    "extra_info": ""
  }
},
{
  "model": "government.governmentposition",
  "pk": 449,
  "fields": {
    "position": "SOS",
    "ministry": 218,
    "government": 19,
    "extra_info": ""
  }
},
{
  "model": "government.governmentposition",
  "pk": 450,
  "fields": {
    "position": "SOS",
    "ministry": 219,
    "government": 19,
    "extra_info": ""
  }
},
{
  "model": "government.governmentposition",
  "pk": 451,
  "fields": {
    "position": "MIN",
    "ministry": 219,
    "government": 19,
    "extra_info": ""
  }
},
{
  "model": "government.governmentposition",
  "pk": 452,
  "fields": {
    "position": "SOS",
    "ministry": 220,
    "government": 19,
    "extra_info": ""
  }
},
{
  "model": "government.governmentposition",
  "pk": 453,
  "fields": {
    "position": "MIN",
    "ministry": 220,
    "government": 19,
    "extra_info": ""
  }
},
{
  "model": "government.governmentposition",
  "pk": 454,
  "fields": {
    "position": "SOS",
    "ministry": 221,
    "government": 19,
    "extra_info": ""
  }
},
{
  "model": "government.governmentposition",
  "pk": 455,
  "fields": {
    "position": "MIN",
    "ministry": 221,
    "government": 19,
    "extra_info": ""
  }
},
{
  "model": "government.governmentposition",
  "pk": 456,
  "fields": {
    "position": "MIN",
    "ministry": 222,
    "government": 19,
    "extra_info": ""
  }
},
{
  "model": "government.governmentposition",
  "pk": 457,
  "fields": {
    "position": "MWP",
    "ministry": null,
    "government": 19,
    "extra_info": "wonen, wijken en integratie"
  }
},
{
  "model": "government.governmentposition",
  "pk": 458,
  "fields": {
    "position": "SOS",
    "ministry": 223,
    "government": 19,
    "extra_info": ""
  }
},
{
  "model": "government.governmentposition",
  "pk": 459,
  "fields": {
    "position": "MIN",
    "ministry": 223,
    "government": 19,
    "extra_info": ""
  }
},
{
  "model": "government.governmentposition",
  "pk": 460,
  "fields": {
    "position": "SOS",
    "ministry": 224,
    "government": 19,
    "extra_info": ""
  }
},
{
  "model": "government.governmentposition",
  "pk": 461,
  "fields": {
    "position": "MIN",
    "ministry": 224,
    "government": 19,
    "extra_info": ""
  }
},
{
  "model": "government.governmentposition",
  "pk": 462,
  "fields": {
    "position": "MIN",
    "ministry": 225,
    "government": 19,
    "extra_info": ""
  }
},
{
  "model": "government.governmentposition",
  "pk": 463,
  "fields": {
    "position": "MIN",
    "ministry": 226,
    "government": 19,
    "extra_info": ""
  }
},
{
  "model": "government.governmentposition",
  "pk": 464,
  "fields": {
    "position": "SOS",
    "ministry": 226,
    "government": 19,
    "extra_info": ""
  }
},
{
  "model": "government.governmentposition",
  "pk": 465,
  "fields": {
    "position": "MIN",
    "ministry": 227,
    "government": 19,
    "extra_info": ""
  }
},
{
  "model": "government.governmentposition",
  "pk": 466,
  "fields": {
    "position": "SOS",
    "ministry": 227,
    "government": 19,
    "extra_info": ""
  }
},
{
  "model": "government.governmentposition",
  "pk": 467,
  "fields": {
    "position": "MWP",
    "ministry": null,
    "government": 19,
    "extra_info": "programma jeugd en gezin"
  }
},
{
  "model": "government.governmentposition",
  "pk": 468,
  "fields": {
    "position": "PMI",
    "ministry": null,
    "government": 20,
    "extra_info": ""
  }
},
{
  "model": "government.governmentposition",
  "pk": 469,
  "fields": {
    "position": "DPM",
    "ministry": null,
    "government": 20,
    "extra_info": ""
  }
},
{
  "model": "government.governmentposition",
  "pk": 470,
  "fields": {
    "position": "MIN",
    "ministry": 228,
    "government": 20,
    "extra_info": ""
  }
},
{
  "model": "government.governmentposition",
  "pk": 471,
  "fields": {
    "position": "MIN",
    "ministry": 229,
    "government": 20,
    "extra_info": ""
  }
},
{
  "model": "government.governmentposition",
  "pk": 472,
  "fields": {
    "position": "MIN",
    "ministry": 230,
    "government": 20,
    "extra_info": ""
  }
},
{
  "model": "government.governmentposition",
  "pk": 473,
  "fields": {
    "position": "MIN",
    "ministry": 231,
    "government": 20,
    "extra_info": ""
  }
},
{
  "model": "government.governmentposition",
  "pk": 474,
  "fields": {
    "position": "MIN",
    "ministry": 232,
    "government": 20,
    "extra_info": ""
  }
},
{
  "model": "government.governmentposition",
  "pk": 475,
  "fields": {
    "position": "MIN",
    "ministry": 233,
    "government": 20,
    "extra_info": ""
  }
},
{
  "model": "government.governmentposition",
  "pk": 476,
  "fields": {
    "position": "MWP",
    "ministry": null,
    "government": 20,
    "extra_info": "ontwikkelingssamenwerking"
  }
},
{
  "model": "government.governmentposition",
  "pk": 477,
  "fields": {
    "position": "MIN",
    "ministry": 234,
    "government": 20,
    "extra_info": ""
  }
},
{
  "model": "government.governmentposition",
  "pk": 478,
  "fields": {
    "position": "MIN",
    "ministry": 235,
    "government": 20,
    "extra_info": ""
  }
},
{
  "model": "government.governmentposition",
  "pk": 479,
  "fields": {
    "position": "MIN",
    "ministry": 236,
    "government": 20,
    "extra_info": ""
  }
},
{
  "model": "government.governmentposition",
  "pk": 480,
  "fields": {
    "position": "MIN",
    "ministry": 237,
    "government": 20,
    "extra_info": ""
  }
},
{
  "model": "government.governmentposition",
  "pk": 481,
  "fields": {
    "position": "MWP",
    "ministry": null,
    "government": 20,
    "extra_info": ""
  }
},
{
  "model": "government.governmentposition",
  "pk": 482,
  "fields": {
    "position": "MIN",
    "ministry": 238,
    "government": 20,
    "extra_info": ""
  }
},
{
  "model": "government.governmentposition",
  "pk": 483,
  "fields": {
    "position": "MIN",
    "ministry": 239,
    "government": 20,
    "extra_info": ""
  }
},
{
  "model": "government.governmentposition",
  "pk": 484,
  "fields": {
    "position": "MIN",
    "ministry": null,
    "government": 20,
    "extra_info": ""
  }
},
{
  "model": "government.governmentposition",
  "pk": 485,
  "fields": {
    "position": "SOS",
    "ministry": 233,
    "government": 20,
    "extra_info": ""
  }
},
{
  "model": "government.governmentposition",
  "pk": 486,
  "fields": {
    "position": "SOS",
    "ministry": 235,
    "government": 20,
    "extra_info": ""
  }
},
{
  "model": "government.governmentposition",
  "pk": 487,
  "fields": {
    "position": "SOS",
    "ministry": 236,
    "government": 20,
    "extra_info": ""
  }
},
{
  "model": "government.governmentposition",
  "pk": 488,
  "fields": {
    "position": "SOS",
    "ministry": 237,
    "government": 20,
    "extra_info": ""
  }
},
{
  "model": "government.governmentposition",
  "pk": 489,
  "fields": {
    "position": "SOS",
    "ministry": 229,
    "government": 20,
    "extra_info": ""
  }
},
{
  "model": "government.governmentposition",
  "pk": 490,
  "fields": {
    "position": "SOS",
    "ministry": 239,
    "government": 20,
    "extra_info": ""
  }
},
{
  "model": "government.governmentposition",
  "pk": 491,
  "fields": {
    "position": "SOS",
    "ministry": 234,
    "government": 20,
    "extra_info": ""
  }
},
{
  "model": "government.governmentposition",
  "pk": 492,
  "fields": {
    "position": "MIN",
    "ministry": 240,
    "government": 20,
    "extra_info": ""
  }
},
{
  "model": "government.governmentmember",
  "pk": 454,
  "fields": {
    "person": 1,
    "position": 370,
    "start_date": "2017-10-26",
    "end_date": null
  }
},
{
  "model": "government.governmentmember",
  "pk": 455,
  "fields": {
    "person": 2,
    "position": 371,
    "start_date": "2017-10-26",
    "end_date": null
  }
},
{
  "model": "government.governmentmember",
  "pk": 456,
  "fields": {
    "person": 3,
    "position": 371,
    "start_date": "2017-10-26",
    "end_date": null
  }
},
{
  "model": "government.governmentmember",
  "pk": 457,
  "fields": {
    "person": 4,
    "position": 371,
    "start_date": "2017-10-26",
    "end_date": null
  }
},
{
  "model": "government.governmentmember",
  "pk": 458,
  "fields": {
    "person": 1,
    "position": 372,
    "start_date": "2017-10-26",
    "end_date": null
  }
},
{
  "model": "government.governmentmember",
  "pk": 459,
  "fields": {
    "person": 2,
    "position": 373,
    "start_date": "2017-10-26",
    "end_date": null
  }
},
{
  "model": "government.governmentmember",
  "pk": 460,
  "fields": {
    "person": 3,
    "position": 374,
    "start_date": "2017-10-26",
    "end_date": null
  }
},
{
  "model": "government.governmentmember",
  "pk": 461,
  "fields": {
    "person": 4,
    "position": 375,
    "start_date": "2017-10-26",
    "end_date": null
  }
},
{
  "model": "government.governmentmember",
  "pk": 462,
  "fields": {
    "person": 5,
    "position": 376,
    "start_date": "2017-10-26",
    "end_date": "2018-02-13"
  }
},
{
  "model": "government.governmentmember",
  "pk": 463,
  "fields": {
    "person": 6,
    "position": 377,
    "start_date": "2017-10-26",
    "end_date": null
  }
},
{
  "model": "government.governmentmember",
  "pk": 464,
  "fields": {
    "person": 7,
    "position": 378,
    "start_date": "2017-10-26",
    "end_date": null
  }
},
{
  "model": "government.governmentmember",
  "pk": 465,
  "fields": {
    "person": 8,
    "position": 379,
    "start_date": "2017-10-26",
    "end_date": null
  }
},
{
  "model": "government.governmentmember",
  "pk": 466,
  "fields": {
    "person": 9,
    "position": 380,
    "start_date": "2017-10-26",
    "end_date": null
  }
},
{
  "model": "government.governmentmember",
  "pk": 467,
  "fields": {
    "person": 10,
    "position": 381,
    "start_date": "2017-10-26",
    "end_date": null
  }
},
{
  "model": "government.governmentmember",
  "pk": 468,
  "fields": {
    "person": 11,
    "position": 382,
    "start_date": "2017-10-26",
    "end_date": null
  }
},
{
  "model": "government.governmentmember",
  "pk": 469,
  "fields": {
    "person": 12,
    "position": 383,
    "start_date": "2017-10-26",
    "end_date": null
  }
},
{
  "model": "government.governmentmember",
  "pk": 470,
  "fields": {
    "person": 13,
    "position": 384,
    "start_date": "2017-10-26",
    "end_date": null
  }
},
{
  "model": "government.governmentmember",
  "pk": 471,
  "fields": {
    "person": 14,
    "position": 385,
    "start_date": "2017-10-26",
    "end_date": null
  }
},
{
  "model": "government.governmentmember",
  "pk": 472,
  "fields": {
    "person": 15,
    "position": 386,
    "start_date": "2017-10-26",
    "end_date": null
  }
},
{
  "model": "government.governmentmember",
  "pk": 473,
  "fields": {
    "person": 16,
    "position": 387,
    "start_date": "2017-10-26",
    "end_date": null
  }
},
{
  "model": "government.governmentmember",
  "pk": 474,
  "fields": {
    "person": 17,
    "position": 388,
    "start_date": "2017-10-26",
    "end_date": null
  }
},
{
  "model": "government.governmentmember",
  "pk": 475,
  "fields": {
    "person": 18,
    "position": 389,
    "start_date": "2017-10-26",
    "end_date": null
  }
},
{
  "model": "government.governmentmember",
  "pk": 476,
  "fields": {
    "person": 19,
    "position": 390,
    "start_date": "2017-10-26",
    "end_date": "2019-05-21"
  }
},
{
  "model": "government.governmentmember",
  "pk": 477,
  "fields": {
    "person": 20,
    "position": 391,
    "start_date": "2017-10-26",
    "end_date": null
  }
},
{
  "model": "government.governmentmember",
  "pk": 478,
  "fields": {
    "person": 21,
    "position": 392,
    "start_date": "2017-10-26",
    "end_date": null
  }
},
{
  "model": "government.governmentmember",
  "pk": 479,
  "fields": {
    "person": 22,
    "position": 393,
    "start_date": "2017-10-26",
    "end_date": null
  }
},
{
  "model": "government.governmentmember",
  "pk": 480,
  "fields": {
    "person": 23,
    "position": 394,
    "start_date": "2017-10-26",
    "end_date": null
  }
},
{
  "model": "government.governmentmember",
  "pk": 481,
  "fields": {
    "person": 24,
    "position": 395,
    "start_date": "2017-10-26",
    "end_date": null
  }
},
{
  "model": "government.governmentmember",
  "pk": 482,
  "fields": {
    "person": 25,
    "position": 376,
    "start_date": "2018-03-07",
    "end_date": null
  }
},
{
  "model": "government.governmentmember",
  "pk": 483,
  "fields": {
    "person": 13,
    "position": 376,
    "start_date": "2018-02-13",
    "end_date": "2018-03-07"
  }
},
{
  "model": "government.governmentmember",
  "pk": 484,
  "fields": {
    "person": 26,
    "position": 390,
    "start_date": "2019-06-11",
    "end_date": null
  }
},
{
  "model": "government.governmentmember",
  "pk": 485,
  "fields": {
    "person": 1,
    "position": 396,
    "start_date": "2012-11-05",
    "end_date": "2017-10-26"
  }
},
{
  "model": "government.governmentmember",
  "pk": 486,
  "fields": {
    "person": 27,
    "position": 397,
    "start_date": "2012-11-05",
    "end_date": "2017-10-26"
  }
},
{
  "model": "government.governmentmember",
  "pk": 487,
  "fields": {
    "person": 28,
    "position": 398,
    "start_date": "2012-11-05",
    "end_date": "2014-10-18"
  }
},
{
  "model": "government.governmentmember",
  "pk": 488,
  "fields": {
    "person": 29,
    "position": 398,
    "start_date": "2014-10-17",
    "end_date": "2017-10-26"
  }
},
{
  "model": "government.governmentmember",
  "pk": 489,
  "fields": {
    "person": 30,
    "position": 399,
    "start_date": "2012-11-05",
    "end_date": "2017-10-26"
  }
},
{
  "model": "government.governmentmember",
  "pk": 490,
  "fields": {
    "person": 31,
    "position": 400,
    "start_date": "2012-11-05",
    "end_date": "2017-10-26"
  }
},
{
  "model": "government.governmentmember",
  "pk": 491,
  "fields": {
    "person": 32,
    "position": 401,
    "start_date": "2012-11-05",
    "end_date": "2017-10-26"
  }
},
{
  "model": "government.governmentmember",
  "pk": 492,
  "fields": {
    "person": 33,
    "position": 402,
    "start_date": "2012-11-05",
    "end_date": "2017-10-26"
  }
},
{
  "model": "government.governmentmember",
  "pk": 493,
  "fields": {
    "person": 34,
    "position": 403,
    "start_date": "2012-11-05",
    "end_date": "2017-10-26"
  }
},
{
  "model": "government.governmentmember",
  "pk": 494,
  "fields": {
    "person": 35,
    "position": 404,
    "start_date": "2012-11-05",
    "end_date": "2017-10-26"
  }
},
{
  "model": "government.governmentmember",
  "pk": 495,
  "fields": {
    "person": 36,
    "position": 405,
    "start_date": "2012-11-05",
    "end_date": "2017-10-26"
  }
},
{
  "model": "government.governmentmember",
  "pk": 496,
  "fields": {
    "person": 37,
    "position": 406,
    "start_date": "2012-11-05",
    "end_date": "2015-03-09"
  }
},
{
  "model": "government.governmentmember",
  "pk": 497,
  "fields": {
    "person": 38,
    "position": 407,
    "start_date": "2012-11-05",
    "end_date": "2017-10-26"
  }
},
{
  "model": "government.governmentmember",
  "pk": 498,
  "fields": {
    "person": 25,
    "position": 408,
    "start_date": "2012-11-05",
    "end_date": "2017-10-26"
  }
},
{
  "model": "government.governmentmember",
  "pk": 499,
  "fields": {
    "person": 39,
    "position": 406,
    "start_date": "2015-03-20",
    "end_date": "2017-01-26"
  }
},
{
  "model": "government.governmentmember",
  "pk": 500,
  "fields": {
    "person": 25,
    "position": 406,
    "start_date": "2015-03-10",
    "end_date": "2015-03-20"
  }
},
{
  "model": "government.governmentmember",
  "pk": 501,
  "fields": {
    "person": 40,
    "position": 409,
    "start_date": "2012-11-05",
    "end_date": "2015-03-09"
  }
},
{
  "model": "government.governmentmember",
  "pk": 502,
  "fields": {
    "person": 41,
    "position": 409,
    "start_date": "2015-03-20",
    "end_date": "2017-10-26"
  }
},
{
  "model": "government.governmentmember",
  "pk": 503,
  "fields": {
    "person": 14,
    "position": 410,
    "start_date": "2012-11-05",
    "end_date": "2017-10-26"
  }
},
{
  "model": "government.governmentmember",
  "pk": 504,
  "fields": {
    "person": 42,
    "position": 411,
    "start_date": "2012-11-05",
    "end_date": "2014-01-30"
  }
},
{
  "model": "government.governmentmember",
  "pk": 505,
  "fields": {
    "person": 8,
    "position": 411,
    "start_date": "2014-02-04",
    "end_date": "2017-10-26"
  }
},
{
  "model": "government.governmentmember",
  "pk": 506,
  "fields": {
    "person": 43,
    "position": 412,
    "start_date": "2015-11-05",
    "end_date": "2015-10-29"
  }
},
{
  "model": "government.governmentmember",
  "pk": 507,
  "fields": {
    "person": 44,
    "position": 412,
    "start_date": "2015-11-03",
    "end_date": "2017-10-26"
  }
},
{
  "model": "government.governmentmember",
  "pk": 508,
  "fields": {
    "person": 45,
    "position": 413,
    "start_date": "2012-11-05",
    "end_date": "2012-12-06"
  }
},
{
  "model": "government.governmentmember",
  "pk": 509,
  "fields": {
    "person": 44,
    "position": 413,
    "start_date": "2012-12-18",
    "end_date": "2015-11-03"
  }
},
{
  "model": "government.governmentmember",
  "pk": 510,
  "fields": {
    "person": 46,
    "position": 413,
    "start_date": "2015-11-03",
    "end_date": "2017-10-26"
  }
},
{
  "model": "government.governmentmember",
  "pk": 511,
  "fields": {
    "person": 36,
    "position": 414,
    "start_date": "2012-11-05",
    "end_date": "2017-10-26"
  }
},
{
  "model": "government.governmentmember",
  "pk": 512,
  "fields": {
    "person": 47,
    "position": 415,
    "start_date": "2012-11-05",
    "end_date": "2017-10-26"
  }
},
{
  "model": "government.governmentmember",
  "pk": 513,
  "fields": {
    "person": 48,
    "position": 416,
    "start_date": "2012-11-05",
    "end_date": "2017-10-26"
  }
},
{
  "model": "government.governmentmember",
  "pk": 514,
  "fields": {
    "person": 1,
    "position": 417,
    "start_date": "2012-11-05",
    "end_date": "2017-10-26"
  }
},
{
  "model": "government.governmentmember",
  "pk": 515,
  "fields": {
    "person": 25,
    "position": 406,
    "start_date": "2017-01-27",
    "end_date": "2017-10-26"
  }
},
{
  "model": "government.governmentmember",
  "pk": 516,
  "fields": {
    "person": 1,
    "position": 418,
    "start_date": "2010-10-14",
    "end_date": "2012-11-05"
  }
},
{
  "model": "government.governmentmember",
  "pk": 517,
  "fields": {
    "person": 49,
    "position": 419,
    "start_date": "2010-10-14",
    "end_date": "2011-12-16"
  }
},
{
  "model": "government.governmentmember",
  "pk": 518,
  "fields": {
    "person": 50,
    "position": 419,
    "start_date": "2011-12-16",
    "end_date": "2012-11-05"
  }
},
{
  "model": "government.governmentmember",
  "pk": 519,
  "fields": {
    "person": 51,
    "position": 420,
    "start_date": "2010-10-14",
    "end_date": "2012-11-05"
  }
},
{
  "model": "government.governmentmember",
  "pk": 520,
  "fields": {
    "person": 52,
    "position": 421,
    "start_date": "2010-10-14",
    "end_date": "2012-11-05"
  }
},
{
  "model": "government.governmentmember",
  "pk": 521,
  "fields": {
    "person": 53,
    "position": 422,
    "start_date": "2010-10-14",
    "end_date": "2012-11-05"
  }
},
{
  "model": "government.governmentmember",
  "pk": 522,
  "fields": {
    "person": 54,
    "position": 423,
    "start_date": "2010-10-14",
    "end_date": "2012-11-05"
  }
},
{
  "model": "government.governmentmember",
  "pk": 523,
  "fields": {
    "person": 55,
    "position": 424,
    "start_date": "2010-10-14",
    "end_date": "2012-11-05"
  }
},
{
  "model": "government.governmentmember",
  "pk": 524,
  "fields": {
    "person": 34,
    "position": 425,
    "start_date": "2010-10-14",
    "end_date": "2012-11-05"
  }
},
{
  "model": "government.governmentmember",
  "pk": 525,
  "fields": {
    "person": 56,
    "position": 426,
    "start_date": "2010-10-14",
    "end_date": "2012-11-05"
  }
},
{
  "model": "government.governmentmember",
  "pk": 526,
  "fields": {
    "person": 32,
    "position": 427,
    "start_date": "2010-10-14",
    "end_date": "2012-11-05"
  }
},
{
  "model": "government.governmentmember",
  "pk": 527,
  "fields": {
    "person": 37,
    "position": 428,
    "start_date": "2010-10-14",
    "end_date": "2012-11-05"
  }
},
{
  "model": "government.governmentmember",
  "pk": 528,
  "fields": {
    "person": 38,
    "position": 429,
    "start_date": "2010-10-14",
    "end_date": "2012-11-05"
  }
},
{
  "model": "government.governmentmember",
  "pk": 529,
  "fields": {
    "person": 57,
    "position": 430,
    "start_date": "2010-10-14",
    "end_date": "2012-11-05"
  }
},
{
  "model": "government.governmentmember",
  "pk": 530,
  "fields": {
    "person": 58,
    "position": 431,
    "start_date": "2010-10-14",
    "end_date": "2012-11-05"
  }
},
{
  "model": "government.governmentmember",
  "pk": 531,
  "fields": {
    "person": 42,
    "position": 432,
    "start_date": "2010-10-14",
    "end_date": "2012-11-05"
  }
},
{
  "model": "government.governmentmember",
  "pk": 532,
  "fields": {
    "person": 59,
    "position": 433,
    "start_date": "2010-10-14",
    "end_date": "2012-11-05"
  }
},
{
  "model": "government.governmentmember",
  "pk": 533,
  "fields": {
    "person": 5,
    "position": 434,
    "start_date": "2010-10-14",
    "end_date": "2012-11-05"
  }
},
{
  "model": "government.governmentmember",
  "pk": 534,
  "fields": {
    "person": 60,
    "position": 435,
    "start_date": "2010-10-14",
    "end_date": "2012-11-05"
  }
},
{
  "model": "government.governmentmember",
  "pk": 535,
  "fields": {
    "person": 40,
    "position": 436,
    "start_date": "2010-10-14",
    "end_date": "2012-11-05"
  }
},
{
  "model": "government.governmentmember",
  "pk": 536,
  "fields": {
    "person": 61,
    "position": 437,
    "start_date": "2010-10-14",
    "end_date": "2012-11-05"
  }
},
{
  "model": "government.governmentmember",
  "pk": 537,
  "fields": {
    "person": 53,
    "position": 438,
    "start_date": "2010-10-14",
    "end_date": "2012-11-05"
  }
},
{
  "model": "government.governmentmember",
  "pk": 538,
  "fields": {
    "person": 1,
    "position": 439,
    "start_date": "2010-10-14",
    "end_date": "2012-11-05"
  }
},
{
  "model": "government.governmentmember",
  "pk": 539,
  "fields": {
    "person": 62,
    "position": 440,
    "start_date": "2007-02-22",
    "end_date": "2010-10-14"
  }
},
{
  "model": "government.governmentmember",
  "pk": 540,
  "fields": {
    "person": 63,
    "position": 441,
    "start_date": "2007-02-22",
    "end_date": "2010-10-14"
  }
},
{
  "model": "government.governmentmember",
  "pk": 541,
  "fields": {
    "person": 64,
    "position": 441,
    "start_date": "2007-02-22",
    "end_date": "2010-10-14"
  }
},
{
  "model": "government.governmentmember",
  "pk": 542,
  "fields": {
    "person": 62,
    "position": 442,
    "start_date": "2007-02-22",
    "end_date": "2010-10-14"
  }
},
{
  "model": "government.governmentmember",
  "pk": 543,
  "fields": {
    "person": 53,
    "position": 443,
    "start_date": "2007-02-22",
    "end_date": "2010-10-14"
  }
},
{
  "model": "government.governmentmember",
  "pk": 544,
  "fields": {
    "person": 28,
    "position": 444,
    "start_date": "2007-02-22",
    "end_date": "2010-02-23"
  }
},
{
  "model": "government.governmentmember",
  "pk": 545,
  "fields": {
    "person": 29,
    "position": 445,
    "start_date": "2007-02-22",
    "end_date": "2010-02-23"
  }
},
{
  "model": "government.governmentmember",
  "pk": 546,
  "fields": {
    "person": 65,
    "position": 446,
    "start_date": "2007-02-22",
    "end_date": "2010-10-14"
  }
},
{
  "model": "government.governmentmember",
  "pk": 547,
  "fields": {
    "person": 66,
    "position": 447,
    "start_date": "2007-02-22",
    "end_date": "2010-02-23"
  }
},
{
  "model": "government.governmentmember",
  "pk": 548,
  "fields": {
    "person": 67,
    "position": 448,
    "start_date": "2007-02-22",
    "end_date": "2010-02-23"
  }
},
{
  "model": "government.governmentmember",
  "pk": 549,
  "fields": {
    "person": 9,
    "position": 449,
    "start_date": "2007-02-22",
    "end_date": "2010-10-14"
  }
},
{
  "model": "government.governmentmember",
  "pk": 550,
  "fields": {
    "person": 44,
    "position": 450,
    "start_date": "2007-02-22",
    "end_date": "2010-02-23"
  }
},
{
  "model": "government.governmentmember",
  "pk": 551,
  "fields": {
    "person": 56,
    "position": 450,
    "start_date": "2007-02-22",
    "end_date": "2010-10-14"
  }
},
{
  "model": "government.governmentmember",
  "pk": 552,
  "fields": {
    "person": 27,
    "position": 451,
    "start_date": "2007-02-22",
    "end_date": "2010-02-23"
  }
},
{
  "model": "government.governmentmember",
  "pk": 553,
  "fields": {
    "person": 54,
    "position": 452,
    "start_date": "2007-02-22",
    "end_date": "2010-02-23"
  }
},
{
  "model": "government.governmentmember",
  "pk": 554,
  "fields": {
    "person": 64,
    "position": 453,
    "start_date": "2007-02-22",
    "end_date": "2010-02-23"
  }
},
{
  "model": "government.governmentmember",
  "pk": 555,
  "fields": {
    "person": 68,
    "position": 454,
    "start_date": "2007-12-18",
    "end_date": "2010-05-18"
  }
},
{
  "model": "government.governmentmember",
  "pk": 556,
  "fields": {
    "person": 69,
    "position": 454,
    "start_date": "2007-02-22",
    "end_date": "2007-12-18"
  }
},
{
  "model": "government.governmentmember",
  "pk": 557,
  "fields": {
    "person": 70,
    "position": 455,
    "start_date": "2007-02-22",
    "end_date": "2010-10-14"
  }
},
{
  "model": "government.governmentmember",
  "pk": 558,
  "fields": {
    "person": 71,
    "position": 456,
    "start_date": "2007-02-22",
    "end_date": "2010-02-23"
  }
},
{
  "model": "government.governmentmember",
  "pk": 559,
  "fields": {
    "person": 72,
    "position": 457,
    "start_date": "2007-02-22",
    "end_date": "2008-11-14"
  }
},
{
  "model": "government.governmentmember",
  "pk": 560,
  "fields": {
    "person": 73,
    "position": 457,
    "start_date": "2008-11-14",
    "end_date": "2010-02-23"
  }
},
{
  "model": "government.governmentmember",
  "pk": 561,
  "fields": {
    "person": 74,
    "position": 458,
    "start_date": "2007-02-22",
    "end_date": "2010-02-23"
  }
},
{
  "model": "government.governmentmember",
  "pk": 562,
  "fields": {
    "person": 75,
    "position": 459,
    "start_date": "2007-02-22",
    "end_date": "2010-10-14"
  }
},
{
  "model": "government.governmentmember",
  "pk": 563,
  "fields": {
    "person": 76,
    "position": 460,
    "start_date": "2007-02-22",
    "end_date": "2010-02-23"
  }
},
{
  "model": "government.governmentmember",
  "pk": 564,
  "fields": {
    "person": 77,
    "position": 461,
    "start_date": "2007-02-22",
    "end_date": "2010-10-14"
  }
},
{
  "model": "government.governmentmember",
  "pk": 565,
  "fields": {
    "person": 78,
    "position": 462,
    "start_date": "2007-02-22",
    "end_date": "2010-10-14"
  }
},
{
  "model": "government.governmentmember",
  "pk": 566,
  "fields": {
    "person": 49,
    "position": 463,
    "start_date": "2007-02-22",
    "end_date": "2010-10-14"
  }
},
{
  "model": "government.governmentmember",
  "pk": 567,
  "fields": {
    "person": 47,
    "position": 464,
    "start_date": "2008-12-18",
    "end_date": "2010-02-23"
  }
},
{
  "model": "government.governmentmember",
  "pk": 568,
  "fields": {
    "person": 79,
    "position": 464,
    "start_date": "2007-02-22",
    "end_date": "2008-12-12"
  }
},
{
  "model": "government.governmentmember",
  "pk": 569,
  "fields": {
    "person": 80,
    "position": 465,
    "start_date": "2007-02-22",
    "end_date": "2010-10-14"
  }
},
{
  "model": "government.governmentmember",
  "pk": 570,
  "fields": {
    "person": 35,
    "position": 466,
    "start_date": "2007-02-22",
    "end_date": "2010-02-23"
  }
},
{
  "model": "government.governmentmember",
  "pk": 571,
  "fields": {
    "person": 63,
    "position": 467,
    "start_date": "2007-02-22",
    "end_date": "2010-10-14"
  }
},
{
  "model": "government.governmentmember",
  "pk": 572,
  "fields": {
    "person": 53,
    "position": 445,
    "start_date": "2010-02-23",
    "end_date": "2010-10-14"
  }
},
{
  "model": "government.governmentmember",
  "pk": 573,
  "fields": {
    "person": 65,
    "position": 448,
    "start_date": "2010-02-23",
    "end_date": "2010-10-14"
  }
},
{
  "model": "government.governmentmember",
  "pk": 574,
  "fields": {
    "person": 63,
    "position": 451,
    "start_date": "2010-02-23",
    "end_date": "2010-10-14"
  }
},
{
  "model": "government.governmentmember",
  "pk": 575,
  "fields": {
    "person": 54,
    "position": 453,
    "start_date": "2010-02-23",
    "end_date": "2010-10-14"
  }
},
{
  "model": "government.governmentmember",
  "pk": 576,
  "fields": {
    "person": 74,
    "position": 456,
    "start_date": "2010-02-23",
    "end_date": "2010-10-14"
  }
},
{
  "model": "government.governmentmember",
  "pk": 577,
  "fields": {
    "person": 70,
    "position": 457,
    "start_date": "2010-02-23",
    "end_date": "2010-10-14"
  }
},
{
  "model": "government.governmentmember",
  "pk": 578,
  "fields": {
    "person": 62,
    "position": 468,
    "start_date": "2006-07-07",
    "end_date": "2007-02-22"
  }
},
{
  "model": "government.governmentmember",
  "pk": 579,
  "fields": {
    "person": 81,
    "position": 469,
    "start_date": "2006-07-07",
    "end_date": "2007-02-22"
  }
},
{
  "model": "government.governmentmember",
  "pk": 580,
  "fields": {
    "person": 62,
    "position": 470,
    "start_date": "2006-07-07",
    "end_date": "2007-02-22"
  }
},
{
  "model": "government.governmentmember",
  "pk": 581,
  "fields": {
    "person": 82,
    "position": 471,
    "start_date": "2006-07-07",
    "end_date": "2007-02-22"
  }
},
{
  "model": "government.governmentmember",
  "pk": 582,
  "fields": {
    "person": 83,
    "position": 472,
    "start_date": "2006-07-07",
    "end_date": "2007-02-22"
  }
},
{
  "model": "government.governmentmember",
  "pk": 583,
  "fields": {
    "person": 84,
    "position": 473,
    "start_date": "2006-07-07",
    "end_date": "2007-02-22"
  }
},
{
  "model": "government.governmentmember",
  "pk": 584,
  "fields": {
    "person": 49,
    "position": 474,
    "start_date": "2006-07-07",
    "end_date": "2006-09-21"
  }
},
{
  "model": "government.governmentmember",
  "pk": 585,
  "fields": {
    "person": 65,
    "position": 474,
    "start_date": "2006-09-22",
    "end_date": "2007-02-22"
  }
},
{
  "model": "government.governmentmember",
  "pk": 586,
  "fields": {
    "person": 77,
    "position": 475,
    "start_date": "2006-07-07",
    "end_date": "2007-02-22"
  }
},
{
  "model": "government.governmentmember",
  "pk": 587,
  "fields": {
    "person": 85,
    "position": 476,
    "start_date": "2006-07-07",
    "end_date": "2007-02-22"
  }
},
{
  "model": "government.governmentmember",
  "pk": 588,
  "fields": {
    "person": 86,
    "position": 477,
    "start_date": "2006-07-07",
    "end_date": "2007-02-22"
  }
},
{
  "model": "government.governmentmember",
  "pk": 589,
  "fields": {
    "person": 32,
    "position": 478,
    "start_date": "2006-07-07",
    "end_date": "2007-02-22"
  }
},
{
  "model": "government.governmentmember",
  "pk": 590,
  "fields": {
    "person": 87,
    "position": 479,
    "start_date": "2006-07-07",
    "end_date": "2006-09-21"
  }
},
{
  "model": "government.governmentmember",
  "pk": 591,
  "fields": {
    "person": 88,
    "position": 479,
    "start_date": "2006-09-22",
    "end_date": "2007-02-22"
  }
},
{
  "model": "government.governmentmember",
  "pk": 592,
  "fields": {
    "person": 89,
    "position": 480,
    "start_date": "2006-07-07",
    "end_date": "2007-02-22"
  }
},
{
  "model": "government.governmentmember",
  "pk": 593,
  "fields": {
    "person": 90,
    "position": 481,
    "start_date": "2006-07-07",
    "end_date": "2007-02-22"
  }
},
{
  "model": "government.governmentmember",
  "pk": 594,
  "fields": {
    "person": 91,
    "position": 482,
    "start_date": "2006-07-07",
    "end_date": "2007-02-22"
  }
},
{
  "model": "government.governmentmember",
  "pk": 595,
  "fields": {
    "person": 92,
    "position": 483,
    "start_date": "2006-07-07",
    "end_date": "2007-02-22"
  }
},
{
  "model": "government.governmentmember",
  "pk": 596,
  "fields": {
    "person": 93,
    "position": 484,
    "start_date": "2006-07-07",
    "end_date": "2007-02-22"
  }
},
{
  "model": "government.governmentmember",
  "pk": 597,
  "fields": {
    "person": 15,
    "position": 485,
    "start_date": "2006-07-07",
    "end_date": "2007-02-22"
  }
},
{
  "model": "government.governmentmember",
  "pk": 598,
  "fields": {
    "person": 69,
    "position": 486,
    "start_date": "2006-07-07",
    "end_date": "2007-02-22"
  }
},
{
  "model": "government.governmentmember",
  "pk": 599,
  "fields": {
    "person": 94,
    "position": 487,
    "start_date": "2006-07-07",
    "end_date": "2007-02-22"
  }
},
{
  "model": "government.governmentmember",
  "pk": 600,
  "fields": {
    "person": 34,
    "position": 488,
    "start_date": "2006-07-07",
    "end_date": "2007-02-22"
  }
},
{
  "model": "government.governmentmember",
  "pk": 601,
  "fields": {
    "person": 95,
    "position": 489,
    "start_date": "2006-07-07",
    "end_date": "2007-02-22"
  }
},
{
  "model": "government.governmentmember",
  "pk": 602,
  "fields": {
    "person": 96,
    "position": 490,
    "start_date": "2006-07-07",
    "end_date": "2007-02-22"
  }
},
{
  "model": "government.governmentmember",
  "pk": 603,
  "fields": {
    "person": 97,
    "position": 491,
    "start_date": "2006-07-07",
    "end_date": "2007-02-22"
  }
},
{
  "model": "government.governmentmember",
  "pk": 604,
  "fields": {
    "person": 81,
    "position": 492,
    "start_date": "2006-07-07",
    "end_date": "2007-02-22"
  }
}
]
