[
{
  "model": "parliament.parliament",
  "pk": 1,
  "fields": {
    "name": "Tweede Kamer",
    "wikidata_id": "Q233262"
  }
},
{
  "model": "parliament.parliamentmember",
  "pk": 1,
  "fields": {
    "person": 41,
    "parliament": 1,
    "joined": null,
    "left": null
  }
},
{
  "model": "parliament.parliamentmember",
  "pk": 2,
  "fields": {
    "person": 42,
    "parliament": 1,
    "joined": null,
    "left": null
  }
},
{
  "model": "parliament.parliamentmember",
  "pk": 3,
  "fields": {
    "person": 43,
    "parliament": 1,
    "joined": null,
    "left": null
  }
},
{
  "model": "parliament.parliamentmember",
  "pk": 4,
  "fields": {
    "person": 44,
    "parliament": 1,
    "joined": null,
    "left": null
  }
},
{
  "model": "parliament.parliamentmember",
  "pk": 5,
  "fields": {
    "person": 45,
    "parliament": 1,
    "joined": null,
    "left": null
  }
},
{
  "model": "parliament.parliamentmember",
  "pk": 6,
  "fields": {
    "person": 46,
    "parliament": 1,
    "joined": null,
    "left": null
  }
},
{
  "model": "parliament.parliamentmember",
  "pk": 7,
  "fields": {
    "person": 47,
    "parliament": 1,
    "joined": null,
    "left": null
  }
},
{
  "model": "parliament.parliamentmember",
  "pk": 8,
  "fields": {
    "person": 48,
    "parliament": 1,
    "joined": null,
    "left": null
  }
},
{
  "model": "parliament.parliamentmember",
  "pk": 9,
  "fields": {
    "person": 49,
    "parliament": 1,
    "joined": null,
    "left": null
  }
},
{
  "model": "parliament.parliamentmember",
  "pk": 10,
  "fields": {
    "person": 50,
    "parliament": 1,
    "joined": null,
    "left": null
  }
},
{
  "model": "parliament.parliamentmember",
  "pk": 11,
  "fields": {
    "person": 51,
    "parliament": 1,
    "joined": null,
    "left": null
  }
},
{
  "model": "parliament.parliamentmember",
  "pk": 12,
  "fields": {
    "person": 52,
    "parliament": 1,
    "joined": null,
    "left": null
  }
},
{
  "model": "parliament.parliamentmember",
  "pk": 13,
  "fields": {
    "person": 53,
    "parliament": 1,
    "joined": null,
    "left": null
  }
},
{
  "model": "parliament.parliamentmember",
  "pk": 14,
  "fields": {
    "person": 54,
    "parliament": 1,
    "joined": null,
    "left": null
  }
},
{
  "model": "parliament.parliamentmember",
  "pk": 15,
  "fields": {
    "person": 55,
    "parliament": 1,
    "joined": null,
    "left": null
  }
},
{
  "model": "parliament.parliamentmember",
  "pk": 16,
  "fields": {
    "person": 56,
    "parliament": 1,
    "joined": null,
    "left": null
  }
},
{
  "model": "parliament.parliamentmember",
  "pk": 17,
  "fields": {
    "person": 57,
    "parliament": 1,
    "joined": null,
    "left": null
  }
},
{
  "model": "parliament.parliamentmember",
  "pk": 18,
  "fields": {
    "person": 58,
    "parliament": 1,
    "joined": null,
    "left": null
  }
},
{
  "model": "parliament.parliamentmember",
  "pk": 19,
  "fields": {
    "person": 59,
    "parliament": 1,
    "joined": null,
    "left": null
  }
},
{
  "model": "parliament.parliamentmember",
  "pk": 20,
  "fields": {
    "person": 60,
    "parliament": 1,
    "joined": null,
    "left": null
  }
},
{
  "model": "parliament.parliamentmember",
  "pk": 21,
  "fields": {
    "person": 61,
    "parliament": 1,
    "joined": null,
    "left": null
  }
},
{
  "model": "parliament.parliamentmember",
  "pk": 22,
  "fields": {
    "person": 62,
    "parliament": 1,
    "joined": null,
    "left": null
  }
},
{
  "model": "parliament.parliamentmember",
  "pk": 23,
  "fields": {
    "person": 63,
    "parliament": 1,
    "joined": null,
    "left": null
  }
},
{
  "model": "parliament.parliamentmember",
  "pk": 24,
  "fields": {
    "person": 64,
    "parliament": 1,
    "joined": null,
    "left": null
  }
},
{
  "model": "parliament.parliamentmember",
  "pk": 25,
  "fields": {
    "person": 65,
    "parliament": 1,
    "joined": null,
    "left": null
  }
},
{
  "model": "parliament.parliamentmember",
  "pk": 26,
  "fields": {
    "person": 66,
    "parliament": 1,
    "joined": null,
    "left": null
  }
},
{
  "model": "parliament.parliamentmember",
  "pk": 27,
  "fields": {
    "person": 67,
    "parliament": 1,
    "joined": null,
    "left": null
  }
},
{
  "model": "parliament.parliamentmember",
  "pk": 28,
  "fields": {
    "person": 68,
    "parliament": 1,
    "joined": null,
    "left": null
  }
},
{
  "model": "parliament.parliamentmember",
  "pk": 29,
  "fields": {
    "person": 69,
    "parliament": 1,
    "joined": null,
    "left": null
  }
},
{
  "model": "parliament.parliamentmember",
  "pk": 30,
  "fields": {
    "person": 70,
    "parliament": 1,
    "joined": null,
    "left": null
  }
},
{
  "model": "parliament.parliamentmember",
  "pk": 31,
  "fields": {
    "person": 71,
    "parliament": 1,
    "joined": null,
    "left": null
  }
},
{
  "model": "parliament.parliamentmember",
  "pk": 32,
  "fields": {
    "person": 72,
    "parliament": 1,
    "joined": null,
    "left": null
  }
},
{
  "model": "parliament.parliamentmember",
  "pk": 33,
  "fields": {
    "person": 73,
    "parliament": 1,
    "joined": null,
    "left": null
  }
},
{
  "model": "parliament.parliamentmember",
  "pk": 34,
  "fields": {
    "person": 74,
    "parliament": 1,
    "joined": null,
    "left": null
  }
},
{
  "model": "parliament.parliamentmember",
  "pk": 35,
  "fields": {
    "person": 75,
    "parliament": 1,
    "joined": null,
    "left": null
  }
},
{
  "model": "parliament.parliamentmember",
  "pk": 36,
  "fields": {
    "person": 76,
    "parliament": 1,
    "joined": null,
    "left": null
  }
},
{
  "model": "parliament.parliamentmember",
  "pk": 37,
  "fields": {
    "person": 77,
    "parliament": 1,
    "joined": null,
    "left": null
  }
},
{
  "model": "parliament.parliamentmember",
  "pk": 38,
  "fields": {
    "person": 78,
    "parliament": 1,
    "joined": null,
    "left": null
  }
},
{
  "model": "parliament.parliamentmember",
  "pk": 39,
  "fields": {
    "person": 79,
    "parliament": 1,
    "joined": null,
    "left": null
  }
},
{
  "model": "parliament.parliamentmember",
  "pk": 40,
  "fields": {
    "person": 80,
    "parliament": 1,
    "joined": null,
    "left": null
  }
},
{
  "model": "parliament.parliamentmember",
  "pk": 41,
  "fields": {
    "person": 81,
    "parliament": 1,
    "joined": null,
    "left": null
  }
},
{
  "model": "parliament.parliamentmember",
  "pk": 42,
  "fields": {
    "person": 82,
    "parliament": 1,
    "joined": null,
    "left": null
  }
},
{
  "model": "parliament.parliamentmember",
  "pk": 43,
  "fields": {
    "person": 83,
    "parliament": 1,
    "joined": null,
    "left": null
  }
},
{
  "model": "parliament.parliamentmember",
  "pk": 44,
  "fields": {
    "person": 84,
    "parliament": 1,
    "joined": null,
    "left": null
  }
},
{
  "model": "parliament.parliamentmember",
  "pk": 45,
  "fields": {
    "person": 85,
    "parliament": 1,
    "joined": null,
    "left": null
  }
},
{
  "model": "parliament.parliamentmember",
  "pk": 46,
  "fields": {
    "person": 86,
    "parliament": 1,
    "joined": null,
    "left": null
  }
},
{
  "model": "parliament.parliamentmember",
  "pk": 47,
  "fields": {
    "person": 87,
    "parliament": 1,
    "joined": null,
    "left": null
  }
},
{
  "model": "parliament.parliamentmember",
  "pk": 48,
  "fields": {
    "person": 88,
    "parliament": 1,
    "joined": null,
    "left": null
  }
},
{
  "model": "parliament.parliamentmember",
  "pk": 49,
  "fields": {
    "person": 89,
    "parliament": 1,
    "joined": null,
    "left": null
  }
},
{
  "model": "parliament.parliamentmember",
  "pk": 50,
  "fields": {
    "person": 90,
    "parliament": 1,
    "joined": null,
    "left": null
  }
},
{
  "model": "parliament.parliamentmember",
  "pk": 51,
  "fields": {
    "person": 91,
    "parliament": 1,
    "joined": null,
    "left": null
  }
},
{
  "model": "parliament.parliamentmember",
  "pk": 52,
  "fields": {
    "person": 92,
    "parliament": 1,
    "joined": null,
    "left": null
  }
},
{
  "model": "parliament.parliamentmember",
  "pk": 53,
  "fields": {
    "person": 93,
    "parliament": 1,
    "joined": null,
    "left": null
  }
},
{
  "model": "parliament.parliamentmember",
  "pk": 54,
  "fields": {
    "person": 94,
    "parliament": 1,
    "joined": null,
    "left": null
  }
},
{
  "model": "parliament.parliamentmember",
  "pk": 55,
  "fields": {
    "person": 95,
    "parliament": 1,
    "joined": null,
    "left": null
  }
},
{
  "model": "parliament.parliamentmember",
  "pk": 56,
  "fields": {
    "person": 96,
    "parliament": 1,
    "joined": null,
    "left": null
  }
},
{
  "model": "parliament.parliamentmember",
  "pk": 57,
  "fields": {
    "person": 97,
    "parliament": 1,
    "joined": null,
    "left": null
  }
},
{
  "model": "parliament.parliamentmember",
  "pk": 58,
  "fields": {
    "person": 98,
    "parliament": 1,
    "joined": null,
    "left": null
  }
},
{
  "model": "parliament.parliamentmember",
  "pk": 59,
  "fields": {
    "person": 99,
    "parliament": 1,
    "joined": null,
    "left": null
  }
},
{
  "model": "parliament.parliamentmember",
  "pk": 60,
  "fields": {
    "person": 100,
    "parliament": 1,
    "joined": null,
    "left": null
  }
},
{
  "model": "parliament.parliamentmember",
  "pk": 61,
  "fields": {
    "person": 101,
    "parliament": 1,
    "joined": null,
    "left": null
  }
},
{
  "model": "parliament.parliamentmember",
  "pk": 62,
  "fields": {
    "person": 102,
    "parliament": 1,
    "joined": null,
    "left": null
  }
},
{
  "model": "parliament.parliamentmember",
  "pk": 63,
  "fields": {
    "person": 103,
    "parliament": 1,
    "joined": null,
    "left": null
  }
},
{
  "model": "parliament.parliamentmember",
  "pk": 64,
  "fields": {
    "person": 104,
    "parliament": 1,
    "joined": null,
    "left": null
  }
},
{
  "model": "parliament.parliamentmember",
  "pk": 65,
  "fields": {
    "person": 105,
    "parliament": 1,
    "joined": null,
    "left": null
  }
},
{
  "model": "parliament.parliamentmember",
  "pk": 66,
  "fields": {
    "person": 106,
    "parliament": 1,
    "joined": null,
    "left": null
  }
},
{
  "model": "parliament.parliamentmember",
  "pk": 67,
  "fields": {
    "person": 107,
    "parliament": 1,
    "joined": null,
    "left": null
  }
},
{
  "model": "parliament.parliamentmember",
  "pk": 68,
  "fields": {
    "person": 108,
    "parliament": 1,
    "joined": null,
    "left": null
  }
},
{
  "model": "parliament.parliamentmember",
  "pk": 69,
  "fields": {
    "person": 109,
    "parliament": 1,
    "joined": null,
    "left": null
  }
},
{
  "model": "parliament.parliamentmember",
  "pk": 70,
  "fields": {
    "person": 110,
    "parliament": 1,
    "joined": null,
    "left": null
  }
},
{
  "model": "parliament.parliamentmember",
  "pk": 71,
  "fields": {
    "person": 111,
    "parliament": 1,
    "joined": null,
    "left": null
  }
},
{
  "model": "parliament.parliamentmember",
  "pk": 72,
  "fields": {
    "person": 112,
    "parliament": 1,
    "joined": null,
    "left": null
  }
},
{
  "model": "parliament.parliamentmember",
  "pk": 73,
  "fields": {
    "person": 113,
    "parliament": 1,
    "joined": null,
    "left": null
  }
},
{
  "model": "parliament.parliamentmember",
  "pk": 74,
  "fields": {
    "person": 114,
    "parliament": 1,
    "joined": null,
    "left": null
  }
},
{
  "model": "parliament.parliamentmember",
  "pk": 75,
  "fields": {
    "person": 115,
    "parliament": 1,
    "joined": null,
    "left": null
  }
},
{
  "model": "parliament.parliamentmember",
  "pk": 76,
  "fields": {
    "person": 116,
    "parliament": 1,
    "joined": null,
    "left": null
  }
},
{
  "model": "parliament.parliamentmember",
  "pk": 77,
  "fields": {
    "person": 117,
    "parliament": 1,
    "joined": null,
    "left": null
  }
},
{
  "model": "parliament.parliamentmember",
  "pk": 78,
  "fields": {
    "person": 118,
    "parliament": 1,
    "joined": null,
    "left": null
  }
},
{
  "model": "parliament.parliamentmember",
  "pk": 79,
  "fields": {
    "person": 119,
    "parliament": 1,
    "joined": null,
    "left": null
  }
},
{
  "model": "parliament.parliamentmember",
  "pk": 80,
  "fields": {
    "person": 120,
    "parliament": 1,
    "joined": null,
    "left": null
  }
},
{
  "model": "parliament.parliamentmember",
  "pk": 81,
  "fields": {
    "person": 121,
    "parliament": 1,
    "joined": null,
    "left": null
  }
},
{
  "model": "parliament.parliamentmember",
  "pk": 82,
  "fields": {
    "person": 122,
    "parliament": 1,
    "joined": null,
    "left": null
  }
},
{
  "model": "parliament.parliamentmember",
  "pk": 83,
  "fields": {
    "person": 123,
    "parliament": 1,
    "joined": null,
    "left": null
  }
},
{
  "model": "parliament.parliamentmember",
  "pk": 84,
  "fields": {
    "person": 124,
    "parliament": 1,
    "joined": null,
    "left": null
  }
},
{
  "model": "parliament.parliamentmember",
  "pk": 85,
  "fields": {
    "person": 125,
    "parliament": 1,
    "joined": null,
    "left": null
  }
},
{
  "model": "parliament.parliamentmember",
  "pk": 86,
  "fields": {
    "person": 126,
    "parliament": 1,
    "joined": null,
    "left": null
  }
},
{
  "model": "parliament.parliamentmember",
  "pk": 87,
  "fields": {
    "person": 127,
    "parliament": 1,
    "joined": null,
    "left": null
  }
},
{
  "model": "parliament.parliamentmember",
  "pk": 88,
  "fields": {
    "person": 128,
    "parliament": 1,
    "joined": null,
    "left": null
  }
},
{
  "model": "parliament.parliamentmember",
  "pk": 89,
  "fields": {
    "person": 129,
    "parliament": 1,
    "joined": null,
    "left": null
  }
},
{
  "model": "parliament.parliamentmember",
  "pk": 90,
  "fields": {
    "person": 130,
    "parliament": 1,
    "joined": null,
    "left": null
  }
},
{
  "model": "parliament.parliamentmember",
  "pk": 91,
  "fields": {
    "person": 131,
    "parliament": 1,
    "joined": null,
    "left": null
  }
},
{
  "model": "parliament.parliamentmember",
  "pk": 92,
  "fields": {
    "person": 132,
    "parliament": 1,
    "joined": null,
    "left": null
  }
},
{
  "model": "parliament.parliamentmember",
  "pk": 93,
  "fields": {
    "person": 133,
    "parliament": 1,
    "joined": null,
    "left": null
  }
},
{
  "model": "parliament.parliamentmember",
  "pk": 94,
  "fields": {
    "person": 134,
    "parliament": 1,
    "joined": null,
    "left": null
  }
},
{
  "model": "parliament.parliamentmember",
  "pk": 95,
  "fields": {
    "person": 135,
    "parliament": 1,
    "joined": null,
    "left": null
  }
},
{
  "model": "parliament.parliamentmember",
  "pk": 96,
  "fields": {
    "person": 136,
    "parliament": 1,
    "joined": null,
    "left": null
  }
},
{
  "model": "parliament.parliamentmember",
  "pk": 97,
  "fields": {
    "person": 137,
    "parliament": 1,
    "joined": null,
    "left": null
  }
},
{
  "model": "parliament.parliamentmember",
  "pk": 98,
  "fields": {
    "person": 138,
    "parliament": 1,
    "joined": null,
    "left": null
  }
},
{
  "model": "parliament.parliamentmember",
  "pk": 99,
  "fields": {
    "person": 139,
    "parliament": 1,
    "joined": null,
    "left": null
  }
},
{
  "model": "parliament.parliamentmember",
  "pk": 100,
  "fields": {
    "person": 140,
    "parliament": 1,
    "joined": null,
    "left": null
  }
},
{
  "model": "parliament.parliamentmember",
  "pk": 101,
  "fields": {
    "person": 141,
    "parliament": 1,
    "joined": null,
    "left": null
  }
},
{
  "model": "parliament.parliamentmember",
  "pk": 102,
  "fields": {
    "person": 142,
    "parliament": 1,
    "joined": null,
    "left": null
  }
},
{
  "model": "parliament.parliamentmember",
  "pk": 103,
  "fields": {
    "person": 143,
    "parliament": 1,
    "joined": null,
    "left": null
  }
},
{
  "model": "parliament.parliamentmember",
  "pk": 104,
  "fields": {
    "person": 144,
    "parliament": 1,
    "joined": null,
    "left": null
  }
},
{
  "model": "parliament.parliamentmember",
  "pk": 105,
  "fields": {
    "person": 145,
    "parliament": 1,
    "joined": null,
    "left": null
  }
},
{
  "model": "parliament.parliamentmember",
  "pk": 106,
  "fields": {
    "person": 146,
    "parliament": 1,
    "joined": null,
    "left": null
  }
},
{
  "model": "parliament.parliamentmember",
  "pk": 107,
  "fields": {
    "person": 147,
    "parliament": 1,
    "joined": null,
    "left": null
  }
},
{
  "model": "parliament.parliamentmember",
  "pk": 108,
  "fields": {
    "person": 148,
    "parliament": 1,
    "joined": null,
    "left": null
  }
},
{
  "model": "parliament.parliamentmember",
  "pk": 109,
  "fields": {
    "person": 149,
    "parliament": 1,
    "joined": null,
    "left": null
  }
},
{
  "model": "parliament.parliamentmember",
  "pk": 110,
  "fields": {
    "person": 150,
    "parliament": 1,
    "joined": null,
    "left": null
  }
},
{
  "model": "parliament.parliamentmember",
  "pk": 111,
  "fields": {
    "person": 151,
    "parliament": 1,
    "joined": null,
    "left": null
  }
},
{
  "model": "parliament.parliamentmember",
  "pk": 112,
  "fields": {
    "person": 152,
    "parliament": 1,
    "joined": null,
    "left": null
  }
},
{
  "model": "parliament.parliamentmember",
  "pk": 113,
  "fields": {
    "person": 153,
    "parliament": 1,
    "joined": null,
    "left": null
  }
},
{
  "model": "parliament.parliamentmember",
  "pk": 114,
  "fields": {
    "person": 154,
    "parliament": 1,
    "joined": null,
    "left": null
  }
},
{
  "model": "parliament.parliamentmember",
  "pk": 115,
  "fields": {
    "person": 155,
    "parliament": 1,
    "joined": null,
    "left": null
  }
},
{
  "model": "parliament.parliamentmember",
  "pk": 116,
  "fields": {
    "person": 156,
    "parliament": 1,
    "joined": null,
    "left": null
  }
},
{
  "model": "parliament.parliamentmember",
  "pk": 117,
  "fields": {
    "person": 157,
    "parliament": 1,
    "joined": null,
    "left": null
  }
},
{
  "model": "parliament.parliamentmember",
  "pk": 118,
  "fields": {
    "person": 158,
    "parliament": 1,
    "joined": null,
    "left": null
  }
},
{
  "model": "parliament.parliamentmember",
  "pk": 119,
  "fields": {
    "person": 16,
    "parliament": 1,
    "joined": null,
    "left": null
  }
},
{
  "model": "parliament.parliamentmember",
  "pk": 120,
  "fields": {
    "person": 159,
    "parliament": 1,
    "joined": null,
    "left": null
  }
},
{
  "model": "parliament.parliamentmember",
  "pk": 121,
  "fields": {
    "person": 160,
    "parliament": 1,
    "joined": null,
    "left": null
  }
},
{
  "model": "parliament.parliamentmember",
  "pk": 122,
  "fields": {
    "person": 161,
    "parliament": 1,
    "joined": null,
    "left": null
  }
},
{
  "model": "parliament.parliamentmember",
  "pk": 123,
  "fields": {
    "person": 162,
    "parliament": 1,
    "joined": null,
    "left": null
  }
},
{
  "model": "parliament.parliamentmember",
  "pk": 124,
  "fields": {
    "person": 163,
    "parliament": 1,
    "joined": null,
    "left": null
  }
},
{
  "model": "parliament.parliamentmember",
  "pk": 125,
  "fields": {
    "person": 164,
    "parliament": 1,
    "joined": null,
    "left": null
  }
},
{
  "model": "parliament.parliamentmember",
  "pk": 126,
  "fields": {
    "person": 165,
    "parliament": 1,
    "joined": null,
    "left": null
  }
},
{
  "model": "parliament.parliamentmember",
  "pk": 127,
  "fields": {
    "person": 166,
    "parliament": 1,
    "joined": null,
    "left": null
  }
},
{
  "model": "parliament.parliamentmember",
  "pk": 128,
  "fields": {
    "person": 167,
    "parliament": 1,
    "joined": null,
    "left": null
  }
},
{
  "model": "parliament.parliamentmember",
  "pk": 129,
  "fields": {
    "person": 168,
    "parliament": 1,
    "joined": null,
    "left": null
  }
},
{
  "model": "parliament.parliamentmember",
  "pk": 130,
  "fields": {
    "person": 169,
    "parliament": 1,
    "joined": null,
    "left": null
  }
},
{
  "model": "parliament.parliamentmember",
  "pk": 131,
  "fields": {
    "person": 170,
    "parliament": 1,
    "joined": null,
    "left": null
  }
},
{
  "model": "parliament.parliamentmember",
  "pk": 132,
  "fields": {
    "person": 171,
    "parliament": 1,
    "joined": null,
    "left": null
  }
},
{
  "model": "parliament.parliamentmember",
  "pk": 133,
  "fields": {
    "person": 172,
    "parliament": 1,
    "joined": null,
    "left": null
  }
},
{
  "model": "parliament.parliamentmember",
  "pk": 134,
  "fields": {
    "person": 173,
    "parliament": 1,
    "joined": null,
    "left": null
  }
},
{
  "model": "parliament.parliamentmember",
  "pk": 135,
  "fields": {
    "person": 174,
    "parliament": 1,
    "joined": null,
    "left": null
  }
},
{
  "model": "parliament.parliamentmember",
  "pk": 136,
  "fields": {
    "person": 175,
    "parliament": 1,
    "joined": null,
    "left": null
  }
},
{
  "model": "parliament.parliamentmember",
  "pk": 137,
  "fields": {
    "person": 176,
    "parliament": 1,
    "joined": null,
    "left": null
  }
},
{
  "model": "parliament.parliamentmember",
  "pk": 138,
  "fields": {
    "person": 177,
    "parliament": 1,
    "joined": null,
    "left": null
  }
},
{
  "model": "parliament.parliamentmember",
  "pk": 139,
  "fields": {
    "person": 178,
    "parliament": 1,
    "joined": null,
    "left": null
  }
},
{
  "model": "parliament.parliamentmember",
  "pk": 140,
  "fields": {
    "person": 179,
    "parliament": 1,
    "joined": null,
    "left": null
  }
},
{
  "model": "parliament.parliamentmember",
  "pk": 141,
  "fields": {
    "person": 180,
    "parliament": 1,
    "joined": null,
    "left": null
  }
},
{
  "model": "parliament.parliamentmember",
  "pk": 142,
  "fields": {
    "person": 181,
    "parliament": 1,
    "joined": null,
    "left": null
  }
},
{
  "model": "parliament.parliamentmember",
  "pk": 143,
  "fields": {
    "person": 182,
    "parliament": 1,
    "joined": null,
    "left": null
  }
},
{
  "model": "parliament.parliamentmember",
  "pk": 144,
  "fields": {
    "person": 183,
    "parliament": 1,
    "joined": null,
    "left": null
  }
},
{
  "model": "parliament.parliamentmember",
  "pk": 145,
  "fields": {
    "person": 184,
    "parliament": 1,
    "joined": null,
    "left": null
  }
},
{
  "model": "parliament.parliamentmember",
  "pk": 146,
  "fields": {
    "person": 185,
    "parliament": 1,
    "joined": null,
    "left": null
  }
},
{
  "model": "parliament.parliamentmember",
  "pk": 147,
  "fields": {
    "person": 186,
    "parliament": 1,
    "joined": null,
    "left": null
  }
},
{
  "model": "parliament.parliamentmember",
  "pk": 148,
  "fields": {
    "person": 187,
    "parliament": 1,
    "joined": null,
    "left": null
  }
},
{
  "model": "parliament.parliamentmember",
  "pk": 149,
  "fields": {
    "person": 188,
    "parliament": 1,
    "joined": null,
    "left": null
  }
},
{
  "model": "parliament.parliamentmember",
  "pk": 150,
  "fields": {
    "person": 38,
    "parliament": 1,
    "joined": null,
    "left": null
  }
},
{
  "model": "parliament.politicalparty",
  "pk": 1,
  "fields": {
    "name": "Volkspartij voor Vrijheid en Democratie",
    "name_short": "VVD",
    "founded": "1948-01-24",
    "dissolved": null,
    "wikidata_id": "Q239333",
    "wikimedia_logo_url": "https://upload.wikimedia.org/wikipedia/commons/thumb/f/fd/VVD.svg/220px-VVD.svg.png",
    "wikipedia_url": "https://nl.wikipedia.org/wiki/Volkspartij%20voor%20Vrijheid%20en%20Democratie",
    "official_website_url": "http://www.vvd.nl",
    "slug": "vvd"
  }
},
{
  "model": "parliament.politicalparty",
  "pk": 2,
  "fields": {
    "name": "Partij van de Arbeid",
    "name_short": "PvdA",
    "founded": "1946-02-09",
    "dissolved": null,
    "wikidata_id": "Q275441",
    "wikimedia_logo_url": "https://upload.wikimedia.org/wikipedia/commons/thumb/d/d4/PvdA.svg/220px-PvdA.svg.png",
    "wikipedia_url": "https://nl.wikipedia.org/wiki/Partij%20van%20de%20Arbeid%20%28Nederland%29",
    "official_website_url": "http://www.pvda.nl",
    "slug": "pvda"
  }
},
{
  "model": "parliament.politicalparty",
  "pk": 3,
  "fields": {
    "name": "Socialistische Partij",
    "name_short": "SP",
    "founded": "1971-10-22",
    "dissolved": null,
    "wikidata_id": "Q849580",
    "wikimedia_logo_url": "https://upload.wikimedia.org/wikipedia/commons/thumb/b/ba/SP_nl_logo_2006.png/220px-SP_nl_logo_2006.png",
    "wikipedia_url": "https://nl.wikipedia.org/wiki/Socialistische%20Partij%20%28Nederland%29",
    "official_website_url": "http://international.sp.nl/",
    "slug": "sp"
  }
},
{
  "model": "parliament.politicalparty",
  "pk": 4,
  "fields": {
    "name": "Christen Democratisch Appel",
    "name_short": "CDA",
    "founded": "1980-10-11",
    "dissolved": null,
    "wikidata_id": "Q273749",
    "wikimedia_logo_url": "https://upload.wikimedia.org/wikipedia/commons/thumb/4/44/CDA.svg/220px-CDA.svg.png",
    "wikipedia_url": "https://nl.wikipedia.org/wiki/Christen-Democratisch%20App%C3%A8l",
    "official_website_url": "http://www.cda.nl",
    "slug": "cda"
  }
},
{
  "model": "parliament.politicalparty",
  "pk": 5,
  "fields": {
    "name": "Partij voor de vrijheid",
    "name_short": "PVV",
    "founded": "2006-02-22",
    "dissolved": null,
    "wikidata_id": "Q332739",
    "wikimedia_logo_url": "https://upload.wikimedia.org/wikipedia/commons/thumb/c/c2/PVV-logo.svg/220px-PVV-logo.svg.png",
    "wikipedia_url": "https://nl.wikipedia.org/wiki/Partij%20voor%20de%20Vrijheid",
    "official_website_url": "http://www.pvv.nl/",
    "slug": "pvv"
  }
},
{
  "model": "parliament.politicalparty",
  "pk": 6,
  "fields": {
    "name": "Democraten 66",
    "name_short": "D66",
    "founded": "1966-10-14",
    "dissolved": null,
    "wikidata_id": "Q747910",
    "wikimedia_logo_url": "https://upload.wikimedia.org/wikipedia/commons/thumb/e/ea/D66.svg/220px-D66.svg.png",
    "wikipedia_url": "https://nl.wikipedia.org/wiki/Democraten%2066",
    "official_website_url": "http://www.d66.nl",
    "slug": "d66"
  }
},
{
  "model": "parliament.politicalparty",
  "pk": 7,
  "fields": {
    "name": "ChristenUnie",
    "name_short": "CU",
    "founded": "2001-03-15",
    "dissolved": null,
    "wikidata_id": "Q239539",
    "wikimedia_logo_url": "https://upload.wikimedia.org/wikipedia/commons/thumb/8/8b/ChristenUnie.svg/220px-ChristenUnie.svg.png",
    "wikipedia_url": "https://nl.wikipedia.org/wiki/ChristenUnie",
    "official_website_url": "http://www.christenunie.nl",
    "slug": "cu"
  }
},
{
  "model": "parliament.politicalparty",
  "pk": 8,
  "fields": {
    "name": "GroenLinks",
    "name_short": "GL",
    "founded": "1989-03-01",
    "dissolved": null,
    "wikidata_id": "Q667680",
    "wikimedia_logo_url": "https://upload.wikimedia.org/wikipedia/commons/thumb/c/ce/GroenLinks.svg/220px-GroenLinks.svg.png",
    "wikipedia_url": "https://nl.wikipedia.org/wiki/GroenLinks",
    "official_website_url": "http://groenlinks.nl/",
    "slug": "gl"
  }
},
{
  "model": "parliament.politicalparty",
  "pk": 9,
  "fields": {
    "name": "Staatkundig Gereformeerde Partij",
    "name_short": "SGP",
    "founded": "1918-04-24",
    "dissolved": null,
    "wikidata_id": "Q60172",
    "wikimedia_logo_url": "https://upload.wikimedia.org/wikipedia/commons/thumb/b/bb/SGP_Logo.svg/220px-SGP_Logo.svg.png",
    "wikipedia_url": "https://nl.wikipedia.org/wiki/Staatkundig%20Gereformeerde%20Partij",
    "official_website_url": "http://www.sgp.nl/",
    "slug": "sgp"
  }
},
{
  "model": "parliament.politicalparty",
  "pk": 10,
  "fields": {
    "name": "Partij voor de dieren",
    "name_short": "PvdD",
    "founded": "2002-10-01",
    "dissolved": null,
    "wikidata_id": "Q663535",
    "wikimedia_logo_url": "https://upload.wikimedia.org/wikipedia/commons/thumb/9/9e/Party_for_the_Animals_logo.svg/220px-Party_for_the_Animals_logo.svg.png",
    "wikipedia_url": "https://nl.wikipedia.org/wiki/Partij%20voor%20de%20Dieren",
    "official_website_url": "https://www.partijvoordedieren.nl/",
    "slug": "pvdd"
  }
},
{
  "model": "parliament.politicalparty",
  "pk": 11,
  "fields": {
    "name": "50PLUS",
    "name_short": "50PLUS",
    "founded": "2009-01-01",
    "dissolved": null,
    "wikidata_id": "Q59574",
    "wikimedia_logo_url": "",
    "wikipedia_url": "https://nl.wikipedia.org/wiki/50PLUS",
    "official_website_url": "http://www.50pluspartij.nl",
    "slug": "50plus"
  }
},
{
  "model": "parliament.politicalparty",
  "pk": 12,
  "fields": {
    "name": "Groep Kuzu/\u00d6zt\u00fcrk",
    "name_short": "GrK\u00d6",
    "founded": null,
    "dissolved": null,
    "wikidata_id": "Q18655535",
    "wikimedia_logo_url": "",
    "wikipedia_url": "https://nl.wikipedia.org/wiki/Groep%20Kuzu/%C3%96zt%C3%BCrk",
    "official_website_url": "",
    "slug": "grko"
  }
},
{
  "model": "parliament.politicalparty",
  "pk": 13,
  "fields": {
    "name": "Groep Bontes/van Klaveren",
    "name_short": "GrBvK",
    "founded": null,
    "dissolved": null,
    "wikidata_id": "Q16481658",
    "wikimedia_logo_url": "",
    "wikipedia_url": "https://nl.wikipedia.org/wiki/Groep%20Bontes/Van%20Klaveren",
    "official_website_url": "",
    "slug": "grbvk"
  }
},
{
  "model": "parliament.politicalparty",
  "pk": 14,
  "fields": {
    "name": "Houwers",
    "name_short": "Houwers",
    "founded": null,
    "dissolved": null,
    "wikidata_id": "Q19264280",
    "wikimedia_logo_url": "",
    "wikipedia_url": "",
    "official_website_url": "",
    "slug": "houwers"
  }
},
{
  "model": "parliament.politicalparty",
  "pk": 15,
  "fields": {
    "name": "Klein",
    "name_short": "Klein",
    "founded": null,
    "dissolved": null,
    "wikidata_id": "Q227396",
    "wikimedia_logo_url": "",
    "wikipedia_url": "https://nl.wikipedia.org/wiki/Klein",
    "official_website_url": "",
    "slug": "klein"
  }
},
{
  "model": "parliament.politicalparty",
  "pk": 16,
  "fields": {
    "name": "Van Vliet",
    "name_short": "Van Vliet",
    "founded": null,
    "dissolved": null,
    "wikidata_id": "Q20963431",
    "wikimedia_logo_url": "",
    "wikipedia_url": "https://nl.wikipedia.org/wiki/Van%20Vliet",
    "official_website_url": "",
    "slug": "van-vliet"
  }
},
{
  "model": "parliament.partymember",
  "pk": 1,
  "fields": {
    "person": 1,
    "party": 1,
    "joined": "2006-05-31",
    "left": null
  }
},
{
  "model": "parliament.partymember",
  "pk": 2,
  "fields": {
    "person": 2,
    "party": 2,
    "joined": null,
    "left": null
  }
},
{
  "model": "parliament.partymember",
  "pk": 3,
  "fields": {
    "person": 3,
    "party": 2,
    "joined": null,
    "left": null
  }
},
{
  "model": "parliament.partymember",
  "pk": 4,
  "fields": {
    "person": 4,
    "party": 2,
    "joined": null,
    "left": null
  }
},
{
  "model": "parliament.partymember",
  "pk": 5,
  "fields": {
    "person": 5,
    "party": 2,
    "joined": null,
    "left": null
  }
},
{
  "model": "parliament.partymember",
  "pk": 6,
  "fields": {
    "person": 6,
    "party": 1,
    "joined": null,
    "left": null
  }
},
{
  "model": "parliament.partymember",
  "pk": 7,
  "fields": {
    "person": 7,
    "party": 1,
    "joined": null,
    "left": null
  }
},
{
  "model": "parliament.partymember",
  "pk": 8,
  "fields": {
    "person": 8,
    "party": 2,
    "joined": null,
    "left": null
  }
},
{
  "model": "parliament.partymember",
  "pk": 9,
  "fields": {
    "person": 9,
    "party": 1,
    "joined": null,
    "left": null
  }
},
{
  "model": "parliament.partymember",
  "pk": 10,
  "fields": {
    "person": 10,
    "party": 2,
    "joined": null,
    "left": null
  }
},
{
  "model": "parliament.partymember",
  "pk": 11,
  "fields": {
    "person": 10,
    "party": 8,
    "joined": null,
    "left": null
  }
},
{
  "model": "parliament.partymember",
  "pk": 12,
  "fields": {
    "person": 11,
    "party": 2,
    "joined": null,
    "left": null
  }
},
{
  "model": "parliament.partymember",
  "pk": 13,
  "fields": {
    "person": 12,
    "party": 1,
    "joined": null,
    "left": null
  }
},
{
  "model": "parliament.partymember",
  "pk": 14,
  "fields": {
    "person": 13,
    "party": 1,
    "joined": null,
    "left": null
  }
},
{
  "model": "parliament.partymember",
  "pk": 15,
  "fields": {
    "person": 14,
    "party": 1,
    "joined": null,
    "left": null
  }
},
{
  "model": "parliament.partymember",
  "pk": 16,
  "fields": {
    "person": 15,
    "party": 1,
    "joined": null,
    "left": null
  }
},
{
  "model": "parliament.partymember",
  "pk": 17,
  "fields": {
    "person": 16,
    "party": 1,
    "joined": null,
    "left": null
  }
},
{
  "model": "parliament.partymember",
  "pk": 18,
  "fields": {
    "person": 17,
    "party": 1,
    "joined": null,
    "left": null
  }
},
{
  "model": "parliament.partymember",
  "pk": 19,
  "fields": {
    "person": 18,
    "party": 1,
    "joined": null,
    "left": null
  }
},
{
  "model": "parliament.partymember",
  "pk": 20,
  "fields": {
    "person": 19,
    "party": 1,
    "joined": null,
    "left": null
  }
},
{
  "model": "parliament.partymember",
  "pk": 21,
  "fields": {
    "person": 20,
    "party": 1,
    "joined": null,
    "left": null
  }
},
{
  "model": "parliament.partymember",
  "pk": 22,
  "fields": {
    "person": 21,
    "party": 2,
    "joined": null,
    "left": null
  }
},
{
  "model": "parliament.partymember",
  "pk": 23,
  "fields": {
    "person": 22,
    "party": 2,
    "joined": null,
    "left": null
  }
},
{
  "model": "parliament.partymember",
  "pk": 24,
  "fields": {
    "person": 23,
    "party": 2,
    "joined": null,
    "left": null
  }
},
{
  "model": "parliament.partymember",
  "pk": 25,
  "fields": {
    "person": 24,
    "party": 2,
    "joined": null,
    "left": null
  }
},
{
  "model": "parliament.partymember",
  "pk": 26,
  "fields": {
    "person": 25,
    "party": 2,
    "joined": null,
    "left": null
  }
},
{
  "model": "parliament.partymember",
  "pk": 27,
  "fields": {
    "person": 26,
    "party": 2,
    "joined": null,
    "left": null
  }
},
{
  "model": "parliament.partymember",
  "pk": 28,
  "fields": {
    "person": 27,
    "party": 4,
    "joined": null,
    "left": null
  }
},
{
  "model": "parliament.partymember",
  "pk": 29,
  "fields": {
    "person": 28,
    "party": 4,
    "joined": null,
    "left": null
  }
},
{
  "model": "parliament.partymember",
  "pk": 30,
  "fields": {
    "person": 29,
    "party": 1,
    "joined": null,
    "left": null
  }
},
{
  "model": "parliament.partymember",
  "pk": 31,
  "fields": {
    "person": 30,
    "party": 4,
    "joined": null,
    "left": null
  }
},
{
  "model": "parliament.partymember",
  "pk": 32,
  "fields": {
    "person": 31,
    "party": 4,
    "joined": null,
    "left": null
  }
},
{
  "model": "parliament.partymember",
  "pk": 33,
  "fields": {
    "person": 32,
    "party": 4,
    "joined": null,
    "left": null
  }
},
{
  "model": "parliament.partymember",
  "pk": 34,
  "fields": {
    "person": 33,
    "party": 4,
    "joined": null,
    "left": null
  }
},
{
  "model": "parliament.partymember",
  "pk": 35,
  "fields": {
    "person": 34,
    "party": 4,
    "joined": null,
    "left": null
  }
},
{
  "model": "parliament.partymember",
  "pk": 36,
  "fields": {
    "person": 35,
    "party": 4,
    "joined": null,
    "left": null
  }
},
{
  "model": "parliament.partymember",
  "pk": 37,
  "fields": {
    "person": 36,
    "party": 4,
    "joined": null,
    "left": null
  }
},
{
  "model": "parliament.partymember",
  "pk": 38,
  "fields": {
    "person": 37,
    "party": 4,
    "joined": null,
    "left": null
  }
},
{
  "model": "parliament.partymember",
  "pk": 39,
  "fields": {
    "person": 38,
    "party": 1,
    "joined": null,
    "left": null
  }
},
{
  "model": "parliament.partymember",
  "pk": 40,
  "fields": {
    "person": 39,
    "party": 1,
    "joined": null,
    "left": null
  }
},
{
  "model": "parliament.partymember",
  "pk": 41,
  "fields": {
    "person": 40,
    "party": 4,
    "joined": null,
    "left": null
  }
},
{
  "model": "parliament.partymember",
  "pk": 42,
  "fields": {
    "person": 41,
    "party": 5,
    "joined": null,
    "left": null
  }
},
{
  "model": "parliament.partymember",
  "pk": 43,
  "fields": {
    "person": 42,
    "party": 4,
    "joined": null,
    "left": null
  }
},
{
  "model": "parliament.partymember",
  "pk": 44,
  "fields": {
    "person": 43,
    "party": 2,
    "joined": null,
    "left": null
  }
},
{
  "model": "parliament.partymember",
  "pk": 45,
  "fields": {
    "person": 44,
    "party": 1,
    "joined": null,
    "left": null
  }
},
{
  "model": "parliament.partymember",
  "pk": 46,
  "fields": {
    "person": 45,
    "party": 2,
    "joined": null,
    "left": null
  }
},
{
  "model": "parliament.partymember",
  "pk": 47,
  "fields": {
    "person": 46,
    "party": 1,
    "joined": null,
    "left": null
  }
},
{
  "model": "parliament.partymember",
  "pk": 48,
  "fields": {
    "person": 47,
    "party": 3,
    "joined": null,
    "left": null
  }
},
{
  "model": "parliament.partymember",
  "pk": 49,
  "fields": {
    "person": 48,
    "party": 5,
    "joined": null,
    "left": null
  }
},
{
  "model": "parliament.partymember",
  "pk": 50,
  "fields": {
    "person": 49,
    "party": 6,
    "joined": null,
    "left": null
  }
},
{
  "model": "parliament.partymember",
  "pk": 51,
  "fields": {
    "person": 50,
    "party": 1,
    "joined": null,
    "left": null
  }
},
{
  "model": "parliament.partymember",
  "pk": 52,
  "fields": {
    "person": 51,
    "party": 6,
    "joined": null,
    "left": null
  }
},
{
  "model": "parliament.partymember",
  "pk": 53,
  "fields": {
    "person": 52,
    "party": 9,
    "joined": null,
    "left": null
  }
},
{
  "model": "parliament.partymember",
  "pk": 54,
  "fields": {
    "person": 53,
    "party": 1,
    "joined": null,
    "left": null
  }
},
{
  "model": "parliament.partymember",
  "pk": 55,
  "fields": {
    "person": 54,
    "party": 3,
    "joined": null,
    "left": null
  }
},
{
  "model": "parliament.partymember",
  "pk": 56,
  "fields": {
    "person": 55,
    "party": 13,
    "joined": null,
    "left": null
  }
},
{
  "model": "parliament.partymember",
  "pk": 57,
  "fields": {
    "person": 56,
    "party": 5,
    "joined": null,
    "left": null
  }
},
{
  "model": "parliament.partymember",
  "pk": 58,
  "fields": {
    "person": 57,
    "party": 1,
    "joined": null,
    "left": null
  }
},
{
  "model": "parliament.partymember",
  "pk": 59,
  "fields": {
    "person": 58,
    "party": 1,
    "joined": null,
    "left": null
  }
},
{
  "model": "parliament.partymember",
  "pk": 60,
  "fields": {
    "person": 59,
    "party": 2,
    "joined": null,
    "left": null
  }
},
{
  "model": "parliament.partymember",
  "pk": 61,
  "fields": {
    "person": 60,
    "party": 1,
    "joined": null,
    "left": null
  }
},
{
  "model": "parliament.partymember",
  "pk": 62,
  "fields": {
    "person": 61,
    "party": 2,
    "joined": null,
    "left": null
  }
},
{
  "model": "parliament.partymember",
  "pk": 63,
  "fields": {
    "person": 62,
    "party": 4,
    "joined": null,
    "left": null
  }
},
{
  "model": "parliament.partymember",
  "pk": 64,
  "fields": {
    "person": 63,
    "party": 7,
    "joined": null,
    "left": null
  }
},
{
  "model": "parliament.partymember",
  "pk": 65,
  "fields": {
    "person": 64,
    "party": 1,
    "joined": null,
    "left": null
  }
},
{
  "model": "parliament.partymember",
  "pk": 66,
  "fields": {
    "person": 65,
    "party": 1,
    "joined": null,
    "left": null
  }
},
{
  "model": "parliament.partymember",
  "pk": 67,
  "fields": {
    "person": 66,
    "party": 2,
    "joined": null,
    "left": null
  }
},
{
  "model": "parliament.partymember",
  "pk": 68,
  "fields": {
    "person": 67,
    "party": 2,
    "joined": null,
    "left": null
  }
},
{
  "model": "parliament.partymember",
  "pk": 69,
  "fields": {
    "person": 68,
    "party": 5,
    "joined": null,
    "left": null
  }
},
{
  "model": "parliament.partymember",
  "pk": 70,
  "fields": {
    "person": 69,
    "party": 3,
    "joined": null,
    "left": null
  }
},
{
  "model": "parliament.partymember",
  "pk": 71,
  "fields": {
    "person": 70,
    "party": 9,
    "joined": null,
    "left": null
  }
},
{
  "model": "parliament.partymember",
  "pk": 72,
  "fields": {
    "person": 71,
    "party": 6,
    "joined": null,
    "left": null
  }
},
{
  "model": "parliament.partymember",
  "pk": 73,
  "fields": {
    "person": 72,
    "party": 1,
    "joined": null,
    "left": null
  }
},
{
  "model": "parliament.partymember",
  "pk": 74,
  "fields": {
    "person": 73,
    "party": 7,
    "joined": null,
    "left": null
  }
},
{
  "model": "parliament.partymember",
  "pk": 75,
  "fields": {
    "person": 74,
    "party": 1,
    "joined": null,
    "left": null
  }
},
{
  "model": "parliament.partymember",
  "pk": 76,
  "fields": {
    "person": 75,
    "party": 2,
    "joined": null,
    "left": null
  }
},
{
  "model": "parliament.partymember",
  "pk": 77,
  "fields": {
    "person": 76,
    "party": 1,
    "joined": null,
    "left": null
  }
},
{
  "model": "parliament.partymember",
  "pk": 78,
  "fields": {
    "person": 77,
    "party": 2,
    "joined": null,
    "left": null
  }
},
{
  "model": "parliament.partymember",
  "pk": 79,
  "fields": {
    "person": 78,
    "party": 5,
    "joined": null,
    "left": null
  }
},
{
  "model": "parliament.partymember",
  "pk": 80,
  "fields": {
    "person": 79,
    "party": 3,
    "joined": null,
    "left": null
  }
},
{
  "model": "parliament.partymember",
  "pk": 81,
  "fields": {
    "person": 80,
    "party": 3,
    "joined": null,
    "left": null
  }
},
{
  "model": "parliament.partymember",
  "pk": 82,
  "fields": {
    "person": 81,
    "party": 4,
    "joined": null,
    "left": null
  }
},
{
  "model": "parliament.partymember",
  "pk": 83,
  "fields": {
    "person": 82,
    "party": 5,
    "joined": null,
    "left": null
  }
},
{
  "model": "parliament.partymember",
  "pk": 84,
  "fields": {
    "person": 83,
    "party": 8,
    "joined": null,
    "left": null
  }
},
{
  "model": "parliament.partymember",
  "pk": 85,
  "fields": {
    "person": 84,
    "party": 5,
    "joined": null,
    "left": null
  }
},
{
  "model": "parliament.partymember",
  "pk": 86,
  "fields": {
    "person": 85,
    "party": 2,
    "joined": null,
    "left": null
  }
},
{
  "model": "parliament.partymember",
  "pk": 87,
  "fields": {
    "person": 86,
    "party": 2,
    "joined": null,
    "left": null
  }
},
{
  "model": "parliament.partymember",
  "pk": 88,
  "fields": {
    "person": 87,
    "party": 4,
    "joined": null,
    "left": null
  }
},
{
  "model": "parliament.partymember",
  "pk": 89,
  "fields": {
    "person": 88,
    "party": 1,
    "joined": null,
    "left": null
  }
},
{
  "model": "parliament.partymember",
  "pk": 90,
  "fields": {
    "person": 89,
    "party": 1,
    "joined": null,
    "left": null
  }
},
{
  "model": "parliament.partymember",
  "pk": 91,
  "fields": {
    "person": 90,
    "party": 4,
    "joined": null,
    "left": null
  }
},
{
  "model": "parliament.partymember",
  "pk": 92,
  "fields": {
    "person": 91,
    "party": 5,
    "joined": null,
    "left": null
  }
},
{
  "model": "parliament.partymember",
  "pk": 93,
  "fields": {
    "person": 92,
    "party": 4,
    "joined": null,
    "left": null
  }
},
{
  "model": "parliament.partymember",
  "pk": 94,
  "fields": {
    "person": 93,
    "party": 2,
    "joined": null,
    "left": null
  }
},
{
  "model": "parliament.partymember",
  "pk": 95,
  "fields": {
    "person": 94,
    "party": 14,
    "joined": null,
    "left": null
  }
},
{
  "model": "parliament.partymember",
  "pk": 96,
  "fields": {
    "person": 95,
    "party": 2,
    "joined": null,
    "left": null
  }
},
{
  "model": "parliament.partymember",
  "pk": 97,
  "fields": {
    "person": 96,
    "party": 3,
    "joined": null,
    "left": null
  }
},
{
  "model": "parliament.partymember",
  "pk": 98,
  "fields": {
    "person": 97,
    "party": 4,
    "joined": null,
    "left": null
  }
},
{
  "model": "parliament.partymember",
  "pk": 99,
  "fields": {
    "person": 98,
    "party": 2,
    "joined": null,
    "left": null
  }
},
{
  "model": "parliament.partymember",
  "pk": 100,
  "fields": {
    "person": 99,
    "party": 8,
    "joined": null,
    "left": null
  }
},
{
  "model": "parliament.partymember",
  "pk": 101,
  "fields": {
    "person": 100,
    "party": 13,
    "joined": null,
    "left": null
  }
},
{
  "model": "parliament.partymember",
  "pk": 102,
  "fields": {
    "person": 101,
    "party": 15,
    "joined": null,
    "left": null
  }
},
{
  "model": "parliament.partymember",
  "pk": 103,
  "fields": {
    "person": 102,
    "party": 5,
    "joined": null,
    "left": null
  }
},
{
  "model": "parliament.partymember",
  "pk": 104,
  "fields": {
    "person": 103,
    "party": 4,
    "joined": null,
    "left": null
  }
},
{
  "model": "parliament.partymember",
  "pk": 105,
  "fields": {
    "person": 104,
    "party": 3,
    "joined": null,
    "left": null
  }
},
{
  "model": "parliament.partymember",
  "pk": 106,
  "fields": {
    "person": 105,
    "party": 6,
    "joined": null,
    "left": null
  }
},
{
  "model": "parliament.partymember",
  "pk": 107,
  "fields": {
    "person": 106,
    "party": 6,
    "joined": null,
    "left": null
  }
},
{
  "model": "parliament.partymember",
  "pk": 108,
  "fields": {
    "person": 107,
    "party": 11,
    "joined": null,
    "left": null
  }
},
{
  "model": "parliament.partymember",
  "pk": 109,
  "fields": {
    "person": 108,
    "party": 2,
    "joined": null,
    "left": null
  }
},
{
  "model": "parliament.partymember",
  "pk": 110,
  "fields": {
    "person": 109,
    "party": 12,
    "joined": null,
    "left": null
  }
},
{
  "model": "parliament.partymember",
  "pk": 111,
  "fields": {
    "person": 110,
    "party": 2,
    "joined": null,
    "left": null
  }
},
{
  "model": "parliament.partymember",
  "pk": 112,
  "fields": {
    "person": 111,
    "party": 1,
    "joined": null,
    "left": null
  }
},
{
  "model": "parliament.partymember",
  "pk": 113,
  "fields": {
    "person": 112,
    "party": 2,
    "joined": null,
    "left": null
  }
},
{
  "model": "parliament.partymember",
  "pk": 114,
  "fields": {
    "person": 113,
    "party": 3,
    "joined": null,
    "left": null
  }
},
{
  "model": "parliament.partymember",
  "pk": 115,
  "fields": {
    "person": 114,
    "party": 1,
    "joined": null,
    "left": null
  }
},
{
  "model": "parliament.partymember",
  "pk": 116,
  "fields": {
    "person": 115,
    "party": 1,
    "joined": null,
    "left": null
  }
},
{
  "model": "parliament.partymember",
  "pk": 117,
  "fields": {
    "person": 116,
    "party": 5,
    "joined": null,
    "left": null
  }
},
{
  "model": "parliament.partymember",
  "pk": 118,
  "fields": {
    "person": 117,
    "party": 2,
    "joined": null,
    "left": null
  }
},
{
  "model": "parliament.partymember",
  "pk": 119,
  "fields": {
    "person": 118,
    "party": 2,
    "joined": null,
    "left": null
  }
},
{
  "model": "parliament.partymember",
  "pk": 120,
  "fields": {
    "person": 119,
    "party": 6,
    "joined": null,
    "left": null
  }
},
{
  "model": "parliament.partymember",
  "pk": 121,
  "fields": {
    "person": 120,
    "party": 3,
    "joined": null,
    "left": null
  }
},
{
  "model": "parliament.partymember",
  "pk": 122,
  "fields": {
    "person": 121,
    "party": 1,
    "joined": null,
    "left": null
  }
},
{
  "model": "parliament.partymember",
  "pk": 123,
  "fields": {
    "person": 122,
    "party": 2,
    "joined": null,
    "left": null
  }
},
{
  "model": "parliament.partymember",
  "pk": 124,
  "fields": {
    "person": 123,
    "party": 2,
    "joined": null,
    "left": null
  }
},
{
  "model": "parliament.partymember",
  "pk": 125,
  "fields": {
    "person": 124,
    "party": 1,
    "joined": null,
    "left": null
  }
},
{
  "model": "parliament.partymember",
  "pk": 126,
  "fields": {
    "person": 125,
    "party": 1,
    "joined": null,
    "left": null
  }
},
{
  "model": "parliament.partymember",
  "pk": 127,
  "fields": {
    "person": 126,
    "party": 4,
    "joined": null,
    "left": null
  }
},
{
  "model": "parliament.partymember",
  "pk": 128,
  "fields": {
    "person": 127,
    "party": 1,
    "joined": null,
    "left": null
  }
},
{
  "model": "parliament.partymember",
  "pk": 129,
  "fields": {
    "person": 128,
    "party": 2,
    "joined": null,
    "left": null
  }
},
{
  "model": "parliament.partymember",
  "pk": 130,
  "fields": {
    "person": 129,
    "party": 1,
    "joined": null,
    "left": null
  }
},
{
  "model": "parliament.partymember",
  "pk": 131,
  "fields": {
    "person": 130,
    "party": 3,
    "joined": null,
    "left": null
  }
},
{
  "model": "parliament.partymember",
  "pk": 132,
  "fields": {
    "person": 131,
    "party": 4,
    "joined": null,
    "left": null
  }
},
{
  "model": "parliament.partymember",
  "pk": 133,
  "fields": {
    "person": 132,
    "party": 2,
    "joined": null,
    "left": null
  }
},
{
  "model": "parliament.partymember",
  "pk": 134,
  "fields": {
    "person": 133,
    "party": 1,
    "joined": null,
    "left": null
  }
},
{
  "model": "parliament.partymember",
  "pk": 135,
  "fields": {
    "person": 134,
    "party": 10,
    "joined": null,
    "left": null
  }
},
{
  "model": "parliament.partymember",
  "pk": 136,
  "fields": {
    "person": 135,
    "party": 12,
    "joined": null,
    "left": null
  }
},
{
  "model": "parliament.partymember",
  "pk": 137,
  "fields": {
    "person": 136,
    "party": 6,
    "joined": null,
    "left": null
  }
},
{
  "model": "parliament.partymember",
  "pk": 138,
  "fields": {
    "person": 137,
    "party": 1,
    "joined": null,
    "left": null
  }
},
{
  "model": "parliament.partymember",
  "pk": 139,
  "fields": {
    "person": 138,
    "party": 3,
    "joined": null,
    "left": null
  }
},
{
  "model": "parliament.partymember",
  "pk": 140,
  "fields": {
    "person": 139,
    "party": 2,
    "joined": null,
    "left": null
  }
},
{
  "model": "parliament.partymember",
  "pk": 141,
  "fields": {
    "person": 140,
    "party": 1,
    "joined": null,
    "left": null
  }
},
{
  "model": "parliament.partymember",
  "pk": 142,
  "fields": {
    "person": 141,
    "party": 3,
    "joined": null,
    "left": null
  }
},
{
  "model": "parliament.partymember",
  "pk": 143,
  "fields": {
    "person": 142,
    "party": 4,
    "joined": null,
    "left": null
  }
},
{
  "model": "parliament.partymember",
  "pk": 144,
  "fields": {
    "person": 143,
    "party": 4,
    "joined": null,
    "left": null
  }
},
{
  "model": "parliament.partymember",
  "pk": 145,
  "fields": {
    "person": 144,
    "party": 5,
    "joined": null,
    "left": null
  }
},
{
  "model": "parliament.partymember",
  "pk": 146,
  "fields": {
    "person": 145,
    "party": 1,
    "joined": null,
    "left": null
  }
},
{
  "model": "parliament.partymember",
  "pk": 147,
  "fields": {
    "person": 146,
    "party": 2,
    "joined": null,
    "left": null
  }
},
{
  "model": "parliament.partymember",
  "pk": 148,
  "fields": {
    "person": 147,
    "party": 7,
    "joined": null,
    "left": null
  }
},
{
  "model": "parliament.partymember",
  "pk": 149,
  "fields": {
    "person": 148,
    "party": 1,
    "joined": null,
    "left": null
  }
},
{
  "model": "parliament.partymember",
  "pk": 150,
  "fields": {
    "person": 149,
    "party": 7,
    "joined": null,
    "left": null
  }
},
{
  "model": "parliament.partymember",
  "pk": 151,
  "fields": {
    "person": 150,
    "party": 2,
    "joined": null,
    "left": null
  }
},
{
  "model": "parliament.partymember",
  "pk": 152,
  "fields": {
    "person": 151,
    "party": 3,
    "joined": null,
    "left": null
  }
},
{
  "model": "parliament.partymember",
  "pk": 153,
  "fields": {
    "person": 152,
    "party": 6,
    "joined": null,
    "left": null
  }
},
{
  "model": "parliament.partymember",
  "pk": 154,
  "fields": {
    "person": 153,
    "party": 3,
    "joined": null,
    "left": null
  }
},
{
  "model": "parliament.partymember",
  "pk": 155,
  "fields": {
    "person": 154,
    "party": 9,
    "joined": null,
    "left": null
  }
},
{
  "model": "parliament.partymember",
  "pk": 156,
  "fields": {
    "person": 155,
    "party": 1,
    "joined": null,
    "left": null
  }
},
{
  "model": "parliament.partymember",
  "pk": 157,
  "fields": {
    "person": 156,
    "party": 6,
    "joined": null,
    "left": null
  }
},
{
  "model": "parliament.partymember",
  "pk": 158,
  "fields": {
    "person": 157,
    "party": 2,
    "joined": null,
    "left": null
  }
},
{
  "model": "parliament.partymember",
  "pk": 159,
  "fields": {
    "person": 158,
    "party": 1,
    "joined": null,
    "left": null
  }
},
{
  "model": "parliament.partymember",
  "pk": 160,
  "fields": {
    "person": 16,
    "party": 1,
    "joined": null,
    "left": null
  }
},
{
  "model": "parliament.partymember",
  "pk": 161,
  "fields": {
    "person": 159,
    "party": 1,
    "joined": null,
    "left": null
  }
},
{
  "model": "parliament.partymember",
  "pk": 162,
  "fields": {
    "person": 160,
    "party": 10,
    "joined": null,
    "left": null
  }
},
{
  "model": "parliament.partymember",
  "pk": 163,
  "fields": {
    "person": 161,
    "party": 8,
    "joined": null,
    "left": null
  }
},
{
  "model": "parliament.partymember",
  "pk": 164,
  "fields": {
    "person": 162,
    "party": 4,
    "joined": null,
    "left": null
  }
},
{
  "model": "parliament.partymember",
  "pk": 165,
  "fields": {
    "person": 163,
    "party": 3,
    "joined": null,
    "left": null
  }
},
{
  "model": "parliament.partymember",
  "pk": 166,
  "fields": {
    "person": 164,
    "party": 1,
    "joined": null,
    "left": null
  }
},
{
  "model": "parliament.partymember",
  "pk": 167,
  "fields": {
    "person": 165,
    "party": 2,
    "joined": null,
    "left": null
  }
},
{
  "model": "parliament.partymember",
  "pk": 168,
  "fields": {
    "person": 166,
    "party": 6,
    "joined": null,
    "left": null
  }
},
{
  "model": "parliament.partymember",
  "pk": 169,
  "fields": {
    "person": 167,
    "party": 1,
    "joined": null,
    "left": null
  }
},
{
  "model": "parliament.partymember",
  "pk": 170,
  "fields": {
    "person": 168,
    "party": 6,
    "joined": null,
    "left": null
  }
},
{
  "model": "parliament.partymember",
  "pk": 171,
  "fields": {
    "person": 169,
    "party": 2,
    "joined": null,
    "left": null
  }
},
{
  "model": "parliament.partymember",
  "pk": 172,
  "fields": {
    "person": 170,
    "party": 2,
    "joined": null,
    "left": null
  }
},
{
  "model": "parliament.partymember",
  "pk": 173,
  "fields": {
    "person": 171,
    "party": 1,
    "joined": null,
    "left": null
  }
},
{
  "model": "parliament.partymember",
  "pk": 174,
  "fields": {
    "person": 172,
    "party": 16,
    "joined": null,
    "left": null
  }
},
{
  "model": "parliament.partymember",
  "pk": 175,
  "fields": {
    "person": 173,
    "party": 2,
    "joined": null,
    "left": null
  }
},
{
  "model": "parliament.partymember",
  "pk": 176,
  "fields": {
    "person": 174,
    "party": 7,
    "joined": null,
    "left": null
  }
},
{
  "model": "parliament.partymember",
  "pk": 177,
  "fields": {
    "person": 175,
    "party": 8,
    "joined": null,
    "left": null
  }
},
{
  "model": "parliament.partymember",
  "pk": 178,
  "fields": {
    "person": 176,
    "party": 2,
    "joined": null,
    "left": null
  }
},
{
  "model": "parliament.partymember",
  "pk": 179,
  "fields": {
    "person": 177,
    "party": 2,
    "joined": null,
    "left": null
  }
},
{
  "model": "parliament.partymember",
  "pk": 180,
  "fields": {
    "person": 178,
    "party": 1,
    "joined": null,
    "left": null
  }
},
{
  "model": "parliament.partymember",
  "pk": 181,
  "fields": {
    "person": 179,
    "party": 2,
    "joined": null,
    "left": null
  }
},
{
  "model": "parliament.partymember",
  "pk": 182,
  "fields": {
    "person": 180,
    "party": 1,
    "joined": null,
    "left": null
  }
},
{
  "model": "parliament.partymember",
  "pk": 183,
  "fields": {
    "person": 181,
    "party": 6,
    "joined": null,
    "left": null
  }
},
{
  "model": "parliament.partymember",
  "pk": 184,
  "fields": {
    "person": 182,
    "party": 1,
    "joined": null,
    "left": null
  }
},
{
  "model": "parliament.partymember",
  "pk": 185,
  "fields": {
    "person": 183,
    "party": 5,
    "joined": null,
    "left": null
  }
},
{
  "model": "parliament.partymember",
  "pk": 186,
  "fields": {
    "person": 184,
    "party": 2,
    "joined": null,
    "left": null
  }
},
{
  "model": "parliament.partymember",
  "pk": 187,
  "fields": {
    "person": 185,
    "party": 1,
    "joined": null,
    "left": null
  }
},
{
  "model": "parliament.partymember",
  "pk": 188,
  "fields": {
    "person": 186,
    "party": 2,
    "joined": null,
    "left": null
  }
},
{
  "model": "parliament.partymember",
  "pk": 189,
  "fields": {
    "person": 187,
    "party": 2,
    "joined": null,
    "left": null
  }
},
{
  "model": "parliament.partymember",
  "pk": 190,
  "fields": {
    "person": 188,
    "party": 1,
    "joined": null,
    "left": null
  }
},
{
  "model": "parliament.partymember",
  "pk": 191,
  "fields": {
    "person": 38,
    "party": 1,
    "joined": null,
    "left": null
  }
}
]
